# 02805 shared playground — week 1 release (frozen snapshot, 2026-08-26)
# All 303 characters in Wikipedia's Category:Marvel Comics superheroes
# (redirects resolved). node_id matches week1_edges.tsv.
node_id	name	wikidata_id	url	description
Abomination_(character)	Abomination (character)	Q60146	https://en.wikipedia.org/wiki/Abomination_(character)	The Abomination (Emil Blonsky) is a character appearing in American comic books published by Marvel Comics.
Adam_Warlock	Adam Warlock	Q1735229	https://en.wikipedia.org/wiki/Adam_Warlock	Adam Warlock is a character appearing in American comic books published by Marvel Comics.
Agent_X_(Marvel_Comics)	Agent X (Marvel Comics)	Q1054789	https://en.wikipedia.org/wiki/Agent_X_(Marvel_Comics)	Agent X (Nijo Minamiyori, alias Alex Hayden) is a fictional mercenary appearing in American comic books published by Marvel Comics.
Ajak	Ajak	Q554230	https://en.wikipedia.org/wiki/Ajak	Ajak is a fictional character appearing in American comic books published by Marvel Comics.
Alex_Wilder	Alex Wilder	Q3610734	https://en.wikipedia.org/wiki/Alex_Wilder	Alex Wilder is a fictional character appearing in American comic books published by Marvel Comics.
Anne_Weying	She-Venom (Patricia Robertson)	Q14475812	https://en.wikipedia.org/wiki/Anne_Weying	She-Venom (Anne Weying) is a fictional character appearing in American comic books published by Marvel Comics.
Anole_(character)	Anole (character)	Q2539373	https://en.wikipedia.org/wiki/Anole_(character)	Anole (Victor Borkowski) is a mutant superhero appearing in American comic books published by Marvel Comics.
Anya_Corazon	Anya Corazon	Q2604744	https://en.wikipedia.org/wiki/Anya_Corazon	Aña "Anya" Sofia Corazón (surname alternatively shown without diacritic, Corazon, over the years) is a superhero appearing in American comic books published by Marvel Comics.
Arabian_Knight_(character)	Arabian Knight (character)	Q4783369	https://en.wikipedia.org/wiki/Arabian_Knight_(character)	Arabian Knight is a title used by multiple fictional characters appearing in American comic books published by Marvel Comics.
Ares_(Marvel_Comics)	Ares (Marvel Comics)	Q1277573	https://en.wikipedia.org/wiki/Ares_(Marvel_Comics)	Ares is a fictional character, a deity appearing in American comic books published by Marvel Comics.
Backhand_(character)	Backhand (character)	Q4839658	https://en.wikipedia.org/wiki/Backhand_(character)	Backhand (Greg Mattingly) is a superhero appearing in American comic books published by Marvel Comics.
Balder_the_Brave	Balder the Brave	Q2440279	https://en.wikipedia.org/wiki/Balder_the_Brave	Balder the Brave is a fictional character appearing in American comic books published by Marvel Comics.
Battlestar_(character)	Battlestar (character)	Q1168463	https://en.wikipedia.org/wiki/Battlestar_(character)	Battlestar (Lemar Hoskins) is a superhero appearing in American comic books published by Marvel Comics.
Baymax	Baymax	Q16839317	https://en.wikipedia.org/wiki/Baymax	Baymax is a fictional superhero character appearing in American comic books published by Marvel Comics.
Beta_Ray_Bill	Beta Ray Bill	Q1987662	https://en.wikipedia.org/wiki/Beta_Ray_Bill	Beta Ray Bill is a fictional character appearing in American comic books published by Marvel Comics.
Betsy_Braddock	Betsy Braddock	Q973050	https://en.wikipedia.org/wiki/Betsy_Braddock	Elizabeth "Betsy" Braddock is a character appearing in American comic books published by Marvel Comics, commonly in association with the X-Men.
Bill_Foster_(character)	Bill Foster (character)	Q2633611	https://en.wikipedia.org/wiki/Bill_Foster_(character)	Dr. William "Bill" Foster, also known as Black Goliath, Giant-Man and Goliath, is a superhero appearing in American comic books published by Marvel Comics.
Bird-Brain_(Marvel_Comics)	Bird-Brain (Marvel Comics)	Q4915814	https://en.wikipedia.org/wiki/Bird-Brain_(Marvel_Comics)	Bird-Brain is a character appearing in American comic books published by Marvel Comics, primarily in association with the New Mutants.
Black_Bolt	Black Bolt	Q767453	https://en.wikipedia.org/wiki/Black_Bolt	Black Bolt (Blackagar Boltagon) is a fictional character appearing in American comic books published by Marvel Comics.
Black_Cat_(Marvel_Comics)	Black Cat (Marvel Comics)	Q912640	https://en.wikipedia.org/wiki/Black_Cat_(Marvel_Comics)	Black Cat is a character appearing in American comic books published by Marvel Comics.
Black_Fox_(Robert_Paine)	Black Fox (Robert Paine)	Q55605555	https://en.wikipedia.org/wiki/Black_Fox_(Robert_Paine)	Black Fox (Dr. Robert William Paine) is a fictional superhero appearing in American comic books published by Marvel Comics.
Black_Jack_Tarr	Black Jack Tarr	Q4921080	https://en.wikipedia.org/wiki/Black_Jack_Tarr	"Black" Jack Tarr is a fictional character appearing in American comic books published by Marvel Comics.
Black_Knight_(Marvel_Comics)	Black Knight (Marvel Comics)	Q1149800	https://en.wikipedia.org/wiki/Black_Knight_(Marvel_Comics)	The Black Knight is the alias of several fictional characters appearing in American comic books published by Marvel Comics.
Black_Marvel	Black Marvel	Q3544444	https://en.wikipedia.org/wiki/Black_Marvel	The Black Marvel (Daniel Lyons) is a fictional superhero appearing in American comic books published by Marvel Comics.
Black_Panther_(character)	Black Panther (character)	Q998220	https://en.wikipedia.org/wiki/Black_Panther_(character)	Black Panther is a superhero appearing in American comic books published by Marvel Comics.
Black_Rider_(character)	Black Rider (character)	Q4921594	https://en.wikipedia.org/wiki/Black_Rider_(character)	The Black Rider is a fictional Western character appearing in American comic books published by Marvel Comics.
Black_Widow_(Natasha_Romanova)	Black Widow (Natasha Romanova)	Q369197	https://en.wikipedia.org/wiki/Black_Widow_(Natasha_Romanova)	Black Widow is a superhero appearing in American comic books published by Marvel Comics.
Blackthorn_(character)	Blackthorn (character)	Q4923455	https://en.wikipedia.org/wiki/Blackthorn_(character)	Blackthorn (Aline Pagrovna) is a superhero appearing in American comic books published by Marvel Comics.
Blackwulf	Blackwulf	Q4923646	https://en.wikipedia.org/wiki/Blackwulf	Blackwulf (Lucian) is a character appearing in American comic books published by Marvel Comics.
Blade_(character)	Blade (character)	Q881024	https://en.wikipedia.org/wiki/Blade_(character)	Blade is an antihero appearing in American comic books published by Marvel Comics.
Blazing_Skull	Blazing Skull	Q2906321	https://en.wikipedia.org/wiki/Blazing_Skull	The Blazing Skull (Mark Anthony Todd) is a fictional character appearing in American comic books published by Marvel Comics.
Blue_Bullet	Blue Bullet	Q119508142	https://en.wikipedia.org/wiki/Blue_Bullet	Blue Bullet is a fictional character appearing in American comic books published by Marvel Comics Creation The character was created as an homage to the Fawcett comics character Bullet Man.
Blue_Diamond_(character)	Blue Diamond (character)	Q2016099	https://en.wikipedia.org/wiki/Blue_Diamond_(character)	Blue Diamond is a superhero appearing in American comic books published by Marvel Comics, debuting under the company's 1940s forerunner, Timely Comics.
Blue_Eagle_(character)	Blue Eagle (character)	Q4929083	https://en.wikipedia.org/wiki/Blue_Eagle_(character)	Blue Eagle (James Dore Jr.) is a fictional character appearing in American comic books published by Marvel Comics.
Blue_Marvel	Blue Marvel	Q4929412	https://en.wikipedia.org/wiki/Blue_Marvel	Blue Marvel (Adam Bernard Brashear) is a superhero appearing in American comic books published by Marvel Comics.
Bob,_Agent_of_Hydra	Bob, Agent of Hydra	Q3545619	https://en.wikipedia.org/wiki/Bob,_Agent_of_Hydra	Bob, Agent of Hydra (Robert Dobalina) is a fictional character appearing in American comic books published by Marvel Comics.
Box_(comics)	Box (comics)	Q2735518	https://en.wikipedia.org/wiki/Box_(comics)	Box (Roger Bochs) is a fictional superhero appearing in American comic books published by Marvel Comics, specifically Alpha Flight, of which Box was a member.
Brain_Drain_(character)	Brain Drain (character)	Q4955758	https://en.wikipedia.org/wiki/Brain_Drain_(character)	Brain Drain (Werner Schmidt) is a character appearing in American comic books published by Marvel Comics.
Breeze_Barton	Breeze Barton	Q16987999	https://en.wikipedia.org/wiki/Breeze_Barton	Breeze Barton is a fictional character appearing in American comic books published by Marvel Comics.
Brian_Braddock	Brian Braddock	Q113988109	https://en.wikipedia.org/wiki/Brian_Braddock	Brian Braddock is a superhero appearing in British and American comic books published by Marvel Comics.
Bucky_(Marvel_Comics)	Bucky (Marvel Comics)	Q850685	https://en.wikipedia.org/wiki/Bucky_(Marvel_Comics)	Bucky is the name used by several different fictional characters appearing in American comic books published by Marvel Comics, usually as a sidekick to Captain America.
Bug_(Marvel_Comics)	Bug (Marvel Comics)	Q4986067	https://en.wikipedia.org/wiki/Bug_(Marvel_Comics)	Bug is a superhero appearing in American comic books published by Marvel Comics.
Cable_(character)	Cable (character)	Q2267017	https://en.wikipedia.org/wiki/Cable_(character)	Cable (Nathan Christopher Charles Summers) is a character appearing in American comic books published by Marvel Comics, commonly in association with X-Force and the X-Men.
Cammi_(character)	Cammi (character)	Q16828778	https://en.wikipedia.org/wiki/Cammi_(character)	Cammi (Camille Benally) is a character appearing in American comic books published by Marvel Comics.
Captain_Marvel_(Khn'nr)	Captain Marvel (Khn'nr)	Q3888882	https://en.wikipedia.org/wiki/Captain_Marvel_(Khn%27nr)	Khn'nr is a character appearing in American comic books published by Marvel Comics.
Captain_Marvel_(Marvel_Comics)	Captain Marvel (Marvel Comics)	Q2937657	https://en.wikipedia.org/wiki/Captain_Marvel_(Marvel_Comics)	Captain Marvel is the name of several superheroes appearing in American comic books published by Marvel Comics.
Captain_Midlands	Captain Midlands	Q5036732	https://en.wikipedia.org/wiki/Captain_Midlands	Captain Midlands (Sid Ridley) is a fictional character appearing in American comic books published by Marvel Comics.
Captain_Ultra	Captain Ultra	Q5036840	https://en.wikipedia.org/wiki/Captain_Ultra	Captain Ultra (Griffin Gogol) is a superhero appearing in American comic books published by Marvel Comics.
Captain_Universe	Captain Universe	Q2973579	https://en.wikipedia.org/wiki/Captain_Universe	Captain Universe is a character appearing in American comic books published by Marvel Comics.
Caretaker_(comics)	Caretaker (comics)	Q5039063	https://en.wikipedia.org/wiki/Caretaker_(comics)	The Caretaker is a fictional character appearing in American comic books published by Marvel Comics.
Ch'od	Ch'od	Q5065882	https://en.wikipedia.org/wiki/Ch%27od	Ch'od is a fictional character appearing in American comic books published by Marvel Comics.
Charcoal_(comics)	Charcoal (comics)	Q2957689	https://en.wikipedia.org/wiki/Charcoal_(comics)	Charcoal (Charlie Burlingame) is a fictional character appearing in American comic books published by Marvel Comics.
Chase_Stein	Chase Stein	Q734247	https://en.wikipedia.org/wiki/Chase_Stein	Victor Chase Stein (also known as Talkback) is a superhero appearing in American comic books published by Marvel Comics.
Citizen_V	Citizen V	Q5122591	https://en.wikipedia.org/wiki/Citizen_V	Citizen V is the codename of several superheroes appearing in American comic books published by Marvel Comics.
Cloak_and_Dagger_(characters)	Cloak and Dagger (characters)	Q2419540	https://en.wikipedia.org/wiki/Cloak_and_Dagger_(characters)	Cloak (Tyrone "Ty" Johnson) and Dagger (Tandy Bowen) are a superhero duo appearing in American comic books published by Marvel Comics.
Coldblood	Coldblood	Q4135919	https://en.wikipedia.org/wiki/Coldblood	Coldblood-7 (Eric Savin) is a fictional character appearing in American comic books published by Marvel Comics.
Crane_Mother	Crane Mother	Q29098110	https://en.wikipedia.org/wiki/Crane_Mother	Crane Mother is a fictional character appearing in American comic books published by Marvel Comics.
Crippler_(character)	Crippler (character)	Q5185846	https://en.wikipedia.org/wiki/Crippler_(character)	Crippler is a fictional character appearing in American comic books published by Marvel Comics.
Cyclops_(Marvel_Comics)	Cyclops (Marvel Comics)	Q857921	https://en.wikipedia.org/wiki/Cyclops_(Marvel_Comics)	Cyclops is a superhero appearing in American comic books published by Marvel Comics.
Dargo_Ktor	Dargo Ktor	Q113903754	https://en.wikipedia.org/wiki/Dargo_Ktor	Dargo Ktor is a fictional superhero appearing in American comic books published by Marvel Comics.
Darkdevil	Darkdevil	Q5223578	https://en.wikipedia.org/wiki/Darkdevil	Darkdevil (Reilly Tyne) is a superhero appearing in American comic books published by Marvel Comics.
Darkhawk	Darkhawk	Q2539485	https://en.wikipedia.org/wiki/Darkhawk	Darkhawk (Christopher Powell) is a superhero appearing in American comic books published by Marvel Comics.
Deadpool	Deadpool	Q1631090	https://en.wikipedia.org/wiki/Deadpool	Deadpool is a character appearing in American comic books published by Marvel Comics.
Deathlok	Deathlok	Q2526966	https://en.wikipedia.org/wiki/Deathlok	Deathlok (also referred to as Deathlok the Demolisher) is the name of several fictional characters appearing in American comic books published by Marvel Comics.
Debrii	Debrii	Q5248565	https://en.wikipedia.org/wiki/Debrii	Debrii (Deborah Fields) is a character appearing in American comic books published by Marvel Comics.
Delroy_Garrett	Delroy Garrett	Q16993964	https://en.wikipedia.org/wiki/Delroy_Garrett	Delroy Garrett is a superhero appearing in American comic books published by Marvel Comics.
Detroit_Steel	Detroit Steel	Q5266016	https://en.wikipedia.org/wiki/Detroit_Steel	Detroit Steel is a fictional suit of powered armor appearing in American comic books published by Marvel Comics, in which it is usually operated by adversaries or rivals of Iron Man.
Devil_Dinosaur	Devil Dinosaur	Q5267281	https://en.wikipedia.org/wiki/Devil_Dinosaur	Devil Dinosaur is a character appearing in American comic books published by Marvel Comics.
Devil_Hulk	Devil Hulk	Q5267302	https://en.wikipedia.org/wiki/Devil_Hulk	The Devil Hulk, also known as the Immortal Hulk, is a fictional alternate-personality character appearing in American comic books published by Marvel Comics.
Digitek_(character)	Digitek (character)	Q3707609	https://en.wikipedia.org/wiki/Digitek_(character)	Digitek (Jonathan Bryant) is a character appearing in American comic books published by Marvel Comics.
Doctor_Druid	Doctor Druid	Q3033512	https://en.wikipedia.org/wiki/Doctor_Druid	Doctor Anthony Druid, also known as Doctor Droom and Druid, is a fictional mystic and a supernatural monster-hunter appearing in American comic books published by Marvel Comics.
Doctor_Nemesis	Doctor Nemesis	Q512578	https://en.wikipedia.org/wiki/Doctor_Nemesis	Doctor Nemesis is the name of two characters appearing in American comic books published by Marvel Comics and Ace Magazines.
Doctor_Spectrum	Alice Nugent	Q1761283	https://en.wikipedia.org/wiki/Doctor_Spectrum	Doctor Spectrum is the name of several fictional characters appearing in American comic books published by Marvel Comics.
Doctor_Strange	Doctor Strange	Q907767	https://en.wikipedia.org/wiki/Doctor_Strange	Dr. Stephen Vincent Strange is a superhero appearing in American comic books published by Marvel Comics.
Dogpool	Dogpool	Q127868350	https://en.wikipedia.org/wiki/Dogpool	Dogpool is a superhero dog appearing in American comic books published by Marvel Comics.
Doom_2099	Doom 2099	Q5297058	https://en.wikipedia.org/wiki/Doom_2099	Doom 2099 is an American comic book series published by Marvel Comics, featuring the fictional anti-hero Doom, aka Victor Von Doom.
Dragon_Lord_(character)	Dragon Lord (character)	Q5305233	https://en.wikipedia.org/wiki/Dragon_Lord_(character)	Dragon Lord is the name of several unrelated fictional characters appearing in American comic books published by Marvel Comics.
Dusk_(comics)	Dusk (comics)	Q1869290	https://en.wikipedia.org/wiki/Dusk_(comics)	Dusk is the name of several characters appearing in American comic books published by Marvel Comics.
Eddie_Brock	Eddie Brock	Q2604715	https://en.wikipedia.org/wiki/Eddie_Brock	Edward Charles Allan Brock is a character appearing in American comic books published by Marvel Comics.
Elsa_Bloodstone	Elsa Bloodstone	Q3051712	https://en.wikipedia.org/wiki/Elsa_Bloodstone	Elsa Bloodstone is a character appearing in American comic books published by Marvel Comics.
Emma_Frost	Emma Frost	Q1995969	https://en.wikipedia.org/wiki/Emma_Frost	Emma Grace Frost is a character appearing in American comic books published by Marvel Comics.
Empath_(character)	Empath (character)	Q2364510	https://en.wikipedia.org/wiki/Empath_(character)	Empath (Manuel Alfonso Rodrigo de la Rocha) is a character appearing in American comic books published by Marvel Comics.
Emrys_Killebrew	Emrys Killebrew	Q25136958	https://en.wikipedia.org/wiki/Emrys_Killebrew	Emrys Killebrew is a fictional character that appears in comic books published by Marvel Comics as a supporting character of Deadpool.
Enigma_(Marvel_Comics)	Enigma (Marvel Comics)	Q5378913	https://en.wikipedia.org/wiki/Enigma_(Marvel_Comics)	Enigma (Tara Virango) is a superheroine appearing in American comic books published by Marvel Comics.
Ethan_Edwards	Ethan Edwards	Q5402926	https://en.wikipedia.org/wiki/Ethan_Edwards	Ethan Edwards is a superhero appearing in American comic books published by Marvel Comics.
Fabio_Medina	Fabio Medina	Q20656958	https://en.wikipedia.org/wiki/Fabio_Medina	Fabio Medina is a fictional superhero appearing in American comic books published by Marvel Comics.
Fandral	Fandral	Q3545295	https://en.wikipedia.org/wiki/Fandral	Fandral the Dashing is a fictional character appearing in American comic books published by Marvel Comics.
Father_Time_(Marvel_Comics)	Father Time (Marvel Comics)	Q5437661	https://en.wikipedia.org/wiki/Father_Time_(Marvel_Comics)	Father Time (Larry Scott) is a superhero appearing in American comic books published by Marvel Comics.
Fin_Fang_Foom	Fin Fang Foom	Q2604737	https://en.wikipedia.org/wiki/Fin_Fang_Foom	Fin Fang Foom is a character appearing in American comic books published by Marvel Comics.
Firebird_(Marvel_Comics)	Firebird (Marvel Comics)	Q3072826	https://en.wikipedia.org/wiki/Firebird_(Marvel_Comics)	Firebird (Bonita Juarez) is a superhero character appearing in American comic books published by Marvel Comics.
Firelord_(character)	Firelord (character)	Q2405958	https://en.wikipedia.org/wiki/Firelord_(character)	Firelord (Pyreus Kril) is a character appearing in American comic books published by Marvel Comics.
Flatman_(character)	Flatman (character)	Q5457942	https://en.wikipedia.org/wiki/Flatman_(character)	Flatman (Matt) is a superhero appearing in American comic books published by Marvel Comics.
Force_(comics)	Force (comics)	Q5467422	https://en.wikipedia.org/wiki/Force_(comics)	Force is a character appearing in American comic books published by Marvel Comics.
Frankenstein's_Monster_(Marvel_Comics)	Frankenstein's Monster (Marvel Comics)	Q1131389	https://en.wikipedia.org/wiki/Frankenstein%27s_Monster_(Marvel_Comics)	Frankenstein's Monster is a fictional character appearing in American comic books published by Marvel Comics.
Franklin_Richards_(character)	Franklin Richards (character)	Q2624716	https://en.wikipedia.org/wiki/Franklin_Richards_(character)	Franklin Benjamin Richards is a fictional character appearing in American comic books published by Marvel Comics.
Frog-Man	Frog-Man	Q5505166	https://en.wikipedia.org/wiki/Frog-Man	Frog-Man (Eugene Patilio) is a comedic superhero appearing in American comic books published by Marvel Comics.
G._W._Bridge	G. W. Bridge	Q3093070	https://en.wikipedia.org/wiki/G._W._Bridge	George Washington "G. W." Bridge is a character appearing in American comic books published by Marvel Comics.
Gargoyle_(comics)	Gargoyle (comics)	Q3055537	https://en.wikipedia.org/wiki/Gargoyle_(comics)	Gargoyle is a name shared by two characters appearing in American comic books published by Marvel Comics.
Garrison_Kane	Garrison Kane	Q3098468	https://en.wikipedia.org/wiki/Garrison_Kane	Garrison Kane, also known as Weapon X and Kane, is a character appearing in American comic books published by Marvel Comics.
Gauntlet_(Joseph_Green)	Gauntlet (Joseph Green)	Q3099457	https://en.wikipedia.org/wiki/Gauntlet_(Joseph_Green)	The Gauntlet (Joseph Green) is a superhero appearing in American comic books published by Marvel Comics.
Genis-Vell	Genis-Vell	Q775371	https://en.wikipedia.org/wiki/Genis-Vell	Genis-Vell is a superhero appearing in American comic books published by Marvel Comics.
Ghost_Rider	Ghost Rider	Q868958	https://en.wikipedia.org/wiki/Ghost_Rider	Ghost Rider is the name of multiple superheroes appearing in American comic books published by Marvel Comics.
Ghost_Rider_(Danny_Ketch)	Ghost Rider (Danny Ketch)	Q5557137	https://en.wikipedia.org/wiki/Ghost_Rider_(Danny_Ketch)	Ghost Rider (Daniel "Danny" Ketch) is a character appearing in American comic books published by Marvel Comics.
Ghost_Rider_(Johnny_Blaze)	Ghost Rider (Johnny Blaze)	Q836748	https://en.wikipedia.org/wiki/Ghost_Rider_(Johnny_Blaze)	Ghost Rider (Johnathon "Johnny" Blaze) is a fictional character appearing in American comic books published by Marvel Comics.
Gladiator_(Kallark)	Gladiator (Kallark)	Q2420331	https://en.wikipedia.org/wiki/Gladiator_(Kallark)	Gladiator (Kallark) is a fictional character appearing in American comic books published by Marvel Comics.
Golem_(Marvel_Comics)	Golem (Marvel Comics)	Q3546467	https://en.wikipedia.org/wiki/Golem_(Marvel_Comics)	The Golem is the name of a number of fictional characters appearing in American comic books published by Marvel Comics.
Gorgon_(Inhuman)	Gorgon (Inhuman)	Q3359399	https://en.wikipedia.org/wiki/Gorgon_(Inhuman)	Gorgon is a character appearing in American comic books published by Marvel Comics.
Gremlin_(comics)	Gremlin (comics)	Q3032140	https://en.wikipedia.org/wiki/Gremlin_(comics)	The Gremlin (Kondrati Topolov) is a fictional character appearing in American comic books published by Marvel Comics.
Guardian_(Marvel_Comics)	Guardian (Marvel Comics)	Q1410619	https://en.wikipedia.org/wiki/Guardian_(Marvel_Comics)	Guardian (James Hudson; also known as Weapon Alpha or Vindicator) is a fictional superhero appearing in American comic books published by Marvel Comics.
Guardsman_(character)	Guardsman (character)	Q12964384	https://en.wikipedia.org/wiki/Guardsman_(character)	The Guardsman is the name of several characters appearing in American comic books published by Marvel Comics.
Gwenpool	Gwenpool	Q25352613	https://en.wikipedia.org/wiki/Gwenpool	Gwenpool (Gwendolyn "Gwen" Poole; colloquial: "GwenPool") is a fictional character appearing in American comic books published by Marvel Comics.
Hank_Pym	Hank Pym	Q2057532	https://en.wikipedia.org/wiki/Hank_Pym	Dr. Henry Jonathan Pym is a character appearing in American comic books published by Marvel Comics.
Happy_Sam_Sawyer	Happy Sam Sawyer	Q5653016	https://en.wikipedia.org/wiki/Happy_Sam_Sawyer	Samuel Sawyer is a character appearing in American comic books published by Marvel Comics.
Hawkeye_(comics)	Hawkeye (comics)	Q124706947	https://en.wikipedia.org/wiki/Hawkeye_(comics)	Hawkeye is the name of several fictional characters appearing in American comic books published by Marvel Comics.
Helix_(Marvel_Comics)	Helix (Marvel Comics)	Q5706247	https://en.wikipedia.org/wiki/Helix_(Marvel_Comics)	Helix (Rafael Carago) is a superhero appearing in American comic books published by Marvel Comics.
Hellfire_(J._T._Slade)	Hellfire (J. T. Slade)	Q25214275	https://en.wikipedia.org/wiki/Hellfire_(J._T._Slade)	Hellfire (J. T. Slade) is a fictional character appearing in American comic books published by Marvel Comics.
Hellion_(character)	Hellion (character)	Q107176961	https://en.wikipedia.org/wiki/Hellion_(character)	Hellion (Julian Keller) is a fictional character, a mutant appearing in American comic books published by Marvel Comics.
Hercules_(Marvel_Comics)	Hercules (Marvel Comics)	Q534889	https://en.wikipedia.org/wiki/Hercules_(Marvel_Comics)	Hercules Panhellenios is a character appearing in American comic books published by Marvel Comics.
Hit-Monkey	Hit-Monkey	Q4497911	https://en.wikipedia.org/wiki/Hit-Monkey	Hit-Monkey is a character appearing in American comic books published by Marvel Comics.
Hornet_(comics)	Hornet (comics)	Q2053102	https://en.wikipedia.org/wiki/Hornet_(comics)	Hornet is an identity used by five fictional characters appearing in American comic books published by Marvel Comics: two supervillains, and three superheroes.
Hrimhari	Hrimhari	Q5923690	https://en.wikipedia.org/wiki/Hrimhari	Hrimhari is a fictional character appearing in American comic books published by Marvel Comics.
Hulk	Hulk	Q188760	https://en.wikipedia.org/wiki/Hulk	The Hulk is a superhero appearing in American comic books published by Marvel Comics.
Hulk_2099	Hulk 2099	Q3549256	https://en.wikipedia.org/wiki/Hulk_2099	Hulk 2099 (John Eisenhart) is a fictional character appearing in American comic books published by Marvel Comics.
Hulkling	Hulkling	Q2526766	https://en.wikipedia.org/wiki/Hulkling	Hulkling is a superhero appearing in American comic books published by Marvel Comics.
Human_Fly_(character)	Human Fly (character)	Q3325409	https://en.wikipedia.org/wiki/Human_Fly_(character)	The Human Fly is the name of three characters appearing in American comic books published by Marvel Comics.
Human_Torch	Human Torch	Q584585	https://en.wikipedia.org/wiki/Human_Torch	The Human Torch (Jonathan Lowell Spencer "Johnny" Storm) is a superhero appearing in American comic books published by Marvel Comics.
Human_Torch_(android)	Human Torch (android)	Q1004568	https://en.wikipedia.org/wiki/Human_Torch_(android)	The Human Torch, also known as Jim Hammond, is a superhero appearing in American comic books published by Marvel Comics.
Hybrid_(Scott_Washington)	Hybrid (Scott Washington)	Q2944353	https://en.wikipedia.org/wiki/Hybrid_(Scott_Washington)	Hybrid (Scott Washington) is a fictional anti-hero appearing in American comic books published by Marvel Comics.
Hyperion_(character)	Hyperion (character)	Q3550487	https://en.wikipedia.org/wiki/Hyperion_(character)	Hyperion is a superhero appearing in American comic books published by Marvel Comics, of which there are several notable versions.
Ikaris	Ikaris	Q2320351	https://en.wikipedia.org/wiki/Ikaris	Ikaris is a fictional character appearing in American comic books published by Marvel Comics.
Illuminator_(Marvel_Comics)	Illuminator (Marvel Comics)	Q113624919	https://en.wikipedia.org/wiki/Illuminator_(Marvel_Comics)	Illuminator is a fictional Christian superhero appearing in American comic books published by Marvel Comics, which debuted during a collaboration with Thomas Nelson.
Inferno_(Dante_Pertuz)	Inferno (Dante Pertuz)	Q20857996	https://en.wikipedia.org/wiki/Inferno_(Dante_Pertuz)	Inferno (Dante Pertuz) is a superhero appearing in American comic books published by Marvel Comics.
Iron_Fist_(character)	Iron Fist (character)	Q1194243	https://en.wikipedia.org/wiki/Iron_Fist_(character)	Iron Fist (Daniel Thomas "Danny" Rand-K'ai) is a superhero appearing in American comic books published by Marvel Comics.
Iron_Lad	Iron Lad	Q1447287	https://en.wikipedia.org/wiki/Iron_Lad	Iron Lad (Nathaniel "Nate" Richards) is a superhero character appearing in American comic books published by Marvel Comics.
Iron_Man_(Ultimate_Marvel_character)	Iron Man (Ultimate Marvel character)	Q288516	https://en.wikipedia.org/wiki/Iron_Man_(Ultimate_Marvel_character)	Iron Man (Antonio "Tony" Stark) is a fictional character appearing in American comic books published by Marvel Comics.
Iron_Man_2020	Iron Man 2020	Q6072691	https://en.wikipedia.org/wiki/Iron_Man_2020	Iron Man 2020 (Arno Stark) is a fictional character appearing in American comic books published by Marvel Comics.
Isaiah_Bradley	Isaiah Bradley	Q3155104	https://en.wikipedia.org/wiki/Isaiah_Bradley	Isaiah Bradley is one of the superheroes to hold the title of Captain America, appearing in American comic books published by Marvel Comics.
Jack_Frost_(Marvel_Comics)	Jack Frost (Marvel Comics)	Q3805581	https://en.wikipedia.org/wiki/Jack_Frost_(Marvel_Comics)	Jack Frost is a fictional superhero appearing in American comic books published by Marvel Comics.
Jack_Monroe_(character)	Jack Monroe (character)	Q28433219	https://en.wikipedia.org/wiki/Jack_Monroe_(character)	Jack Monroe is a fictional superhero appearing in American comic books published by Marvel Comics.
Janice_Lincoln	Janice Lincoln	Q16203548	https://en.wikipedia.org/wiki/Janice_Lincoln	Janice Lincoln is a supervillain appearing in American comic books published by Marvel Comics.
Jean_Grey	Jean Grey	Q5350072	https://en.wikipedia.org/wiki/Jean_Grey	Jean Grey is a superhero appearing in American comic books published by Marvel Comics, usually those featuring the X-Men, a group of superheroes of which she is a founding member.
Jean_Grey_(X-Men_film_series)	Jean Grey (X-Men film series)	Q108366195	https://en.wikipedia.org/wiki/Jean_Grey_(X-Men_film_series)	Jean Grey is a character featured in the X-Men film series produced by 20th Century Fox.
Jeffrey_Mace	Jeffrey Mace	Q3545581	https://en.wikipedia.org/wiki/Jeffrey_Mace	Jeffrey Solomon Mace, also known as the Patriot and Captain America, is a superhero appearing in American comic books published by Marvel Comics.
Jericho_Drumm	Jericho Drumm	Q1149808	https://en.wikipedia.org/wiki/Jericho_Drumm	Dr. Jericho Drumm is a fictional character appearing in American comic books published by Marvel Comics.
Jessica_Jones	Jessica Jones	Q2271377	https://en.wikipedia.org/wiki/Jessica_Jones	Jessica Campbell Jones-Cage, professionally known as Jessica Jones, is a superhero appearing in American comic books published by Marvel Comics.
John_Jameson_(character)	John Jameson (character)	Q2423326	https://en.wikipedia.org/wiki/John_Jameson_(character)	John Jonah Jameson III (also known as Colonel Jupiter, the Man-Wolf and the Stargod) is a fictional character appearing in American comic books published by Marvel Comics.
Jubilee_(character)	Jubilee (character)	Q59665	https://en.wikipedia.org/wiki/Jubilee_(character)	Jubilee (Jubilation Lee) is a superhero appearing in American comic books published by Marvel Comics, most commonly in association with the X-Men.
Junior_Juniper	Junior Juniper	Q6313312	https://en.wikipedia.org/wiki/Junior_Juniper	Jonathan "Junior" Juniper is a fictional character appearing in American comic books published by Marvel Comics.
Justice_(New_Universe)	Justice (New Universe)	Q3545426	https://en.wikipedia.org/wiki/Justice_(New_Universe)	Justice (John Roger Tensen) is a fictional character appearing in American comic books published by Marvel Comics.
Karnak_(character)	Karnak (character)	Q3193522	https://en.wikipedia.org/wiki/Karnak_(character)	Karnak () is a superhero appearing in American comic books published by Marvel Comics.
Kid_Colt	Kid Colt	Q3546595	https://en.wikipedia.org/wiki/Kid_Colt	Kid Colt is the name of two fictional characters appearing in American comic books published by Marvel Comics.
Killpower	Killpower	Q13512249	https://en.wikipedia.org/wiki/Killpower	Killpower (Julius Mullarkey) is a fictional character appearing in American comic books published by Marvel Comics.
Killraven	Killraven	Q2323492	https://en.wikipedia.org/wiki/Killraven	Killraven (Jonathan Raven) is a character appearing in American comic books published by Marvel Comics.
Kismet_(Marvel_Comics)	Kismet (Marvel Comics)	Q6416807	https://en.wikipedia.org/wiki/Kismet_(Marvel_Comics)	Kismet (), also known as Paragon, Her, and Ayesha (), is a character appearing in American comic books published by Marvel Comics.
Korvus	Korvus	Q6432784	https://en.wikipedia.org/wiki/Korvus	Korvus is a fictional character appearing in American comic books published by Marvel Comics.
Kristoff_Vernard	Kristoff Vernard	Q3545586	https://en.wikipedia.org/wiki/Kristoff_Vernard	Kristoff Vernard (formerly known as Kristoff von Doom and Dr.
Leech_(character)	Leech (character)	Q2198161	https://en.wikipedia.org/wiki/Leech_(character)	Leech is a fictional character appearing in American comic books published by Marvel Comics.
Lei_Kung_(character)	Lei Kung (character)	Q23306598	https://en.wikipedia.org/wiki/Lei_Kung_(character)	Lei Kung the Thunderer is a fictional character appearing in American comic books published by Marvel Comics.
Living_Lightning	Living Lightning	Q3272245	https://en.wikipedia.org/wiki/Living_Lightning	Living Lightning (Miguel Santos) is a fictional superhero appearing in American comic books published by Marvel Comics.
Luke_Cage	Luke Cage	Q2267760	https://en.wikipedia.org/wiki/Luke_Cage	Lucas Cage, born Carl Lucas and also known as Power Man, is a superhero appearing in American comic books published by Marvel Comics.
Machine_Man	Machine Man	Q2601925	https://en.wikipedia.org/wiki/Machine_Man	Machine Man (also known as Aaron Stack, Mister Machine and serial number Z2P45-9-X-51 or X-51 for short) is an android superhero appearing in American comic books published by Marvel Comics.
Magician_(Marvel_Comics)	Magician (Marvel Comics)	Q16253735	https://en.wikipedia.org/wiki/Magician_(Marvel_Comics)	The Magician is the name of three fictional characters appearing in American comic books published by Marvel Comics.
Mahr_Vehl	Mahr Vehl	Q6734866	https://en.wikipedia.org/wiki/Mahr_Vehl	Geheneris Hala´son Mahr Vehl (also known as Mahr Vehl) is a character appearing in American comic books published by Marvel Comics.
Makkari_(character)	Makkari (character)	Q3280860	https://en.wikipedia.org/wiki/Makkari_(character)	Makkari, formerly known as Hurricane and Mercury, is a fictional character appearing in American comic books published by Marvel Comics.
Man-Thing	Man-Thing	Q2267846	https://en.wikipedia.org/wiki/Man-Thing	The Man-Thing (Dr. Theodore "Ted" Sallis) is a fictional character appearing in American comic books published by Marvel Comics.
Mania_(character)	Mania (character)	Q56159606	https://en.wikipedia.org/wiki/Mania_(character)	Mania (also known as Venom and Maniac) is a fictional character appearing in American comic books published by Marvel Comics.
Mark_Hazzard:_Merc	Mark Hazzard: Merc	Q6767974	https://en.wikipedia.org/wiki/Mark_Hazzard:_Merc	Mark Hazzard: Merc is a comic book series published by Marvel Comics under their New Universe imprint.
Marvel_Boy_(Robert_Grayson)	Marvel Boy (Robert Grayson)	Q3296041	https://en.wikipedia.org/wiki/Marvel_Boy_(Robert_Grayson)	Marvel Boy (Robert Grayson), also known as The Uranian, is a superhero appearing in American comic books published by Marvel Comics.
Mayday_Parker	Mayday Parker	Q2186500	https://en.wikipedia.org/wiki/Mayday_Parker	Spider-Girl (May "Mayday" Parker) is a superheroine appearing in American comic books published by Marvel Comics.
Miracleman_(character)	Miracleman (character)	Q2266209	https://en.wikipedia.org/wiki/Miracleman_(character)	Miracleman (originally known as Marvelman), whose civilian name is Michael "Mike" Moran, is a British Golden Age comic book superhero appearing in comic books first published by L.
Misty_Knight	Misty Knight	Q3859385	https://en.wikipedia.org/wiki/Misty_Knight	Mercedes "Misty" Knight is a character appearing in American comic books published by Marvel Comics.
Mockingbird_(Marvel_Comics)	Mockingbird (Marvel Comics)	Q73544	https://en.wikipedia.org/wiki/Mockingbird_(Marvel_Comics)	Barbara "Bobbi" Morse is a superhero appearing in American comic books published by Marvel Comics.
Moon_Knight	Moon Knight	Q1037532	https://en.wikipedia.org/wiki/Moon_Knight	Moon Knight is a superhero appearing in American comic books published by Marvel Comics.
Moondragon	Moondragon	Q1908572	https://en.wikipedia.org/wiki/Moondragon	Moondragon (Heather Douglas) is a character appearing in American comic books published by Marvel Comics.
Moonglow_(comics)	Moonglow (comics)	Q6907797	https://en.wikipedia.org/wiki/Moonglow_(comics)	Moonglow is a character appearing in American comic books published by Marvel Comics.
Morbius	Morbius	Q1087722	https://en.wikipedia.org/wiki/Morbius	Morbius (born Michael Morbius, also known as Morbius the Living Vampire) is a character appearing in American comic books published by Marvel Comics.
Motormouth_(comics)	Motormouth (comics)	Q6918346	https://en.wikipedia.org/wiki/Motormouth_(comics)	Motormouth (Harley Davis) is a fictional character appearing in American comic books published by Marvel Comics.
Ms._Marvel	Ms. Marvel	Q3316552	https://en.wikipedia.org/wiki/Ms._Marvel	Ms. Marvel is the name of several superheroines appearing in comic books published by Marvel Comics.
NFL_SuperPro	Phil Grayfield	Q6953757	https://en.wikipedia.org/wiki/NFL_SuperPro	NFL SuperPro is a comic book series published by Marvel Comics, centered on Phillip "Phil" Grayfield, an ex-National Football League (NFL) player who survives a freak accident and wears a near-indestructible football uniform.
Nightmask	Nightmask	Q3876793	https://en.wikipedia.org/wiki/Nightmask	Nightmask is a fictional character appearing in American comic books published by Marvel Comics.
Nightwatch_(character)	Nightwatch (character)	Q8327297	https://en.wikipedia.org/wiki/Nightwatch_(character)	Nightwatch, also known as Nighteater, is a fictional character appearing in American comic books published by Marvel Comics.
Noh-Varr	Noh-Varr	Q3877735	https://en.wikipedia.org/wiki/Noh-Varr	Noh-Varr is a superhero appearing in American comic books published by Marvel Comics.
Nomad_(Marvel_Comics)	Nomad (Marvel Comics)	Q3877909	https://en.wikipedia.org/wiki/Nomad_(Marvel_Comics)	Nomad is the name of several fictional characters appearing in American comic books published by Marvel Comics.
Northstar_(character)	Northstar (character)	Q251321	https://en.wikipedia.org/wiki/Northstar_(character)	Northstar (Jean-Paul Beaubier) is a fictional superhero appearing in American comic books published by Marvel Comics.
Nova_(Richard_Rider)	Nova (Richard Rider)	Q2356215	https://en.wikipedia.org/wiki/Nova_(Richard_Rider)	Richard "Rich" Rider, also known as Nova, is a superhero appearing in American comic books published by Marvel Comics.
Ogre_(Marvel_Comics)	Ogre (Marvel Comics)	Q3885048	https://en.wikipedia.org/wiki/Ogre_(Marvel_Comics)	Ogre is a fictional character appearing in American comic books published by Marvel Comics.
Outlaw_(Marvel_Comics)	Outlaw (Marvel Comics)	Q3358639	https://en.wikipedia.org/wiki/Outlaw_(Marvel_Comics)	Outlaw is the name of two characters appearing in American comic books published by Marvel Comics.
Oya_(comics)	Oya (comics)	Q10342795	https://en.wikipedia.org/wiki/Oya_(comics)	Idie Okonkwo is a superheroine appearing in American comic books published by Marvel Comics.
Paladin_(comics)	Paladin (comics)	Q3360766	https://en.wikipedia.org/wiki/Paladin_(comics)	Paladin is a character appearing in American comic books published by Marvel Comics.
Patsy_Walker	Patsy Walker	Q1051167	https://en.wikipedia.org/wiki/Patsy_Walker	Patricia "Patsy" Walker is a superhero appearing in American comic books published by Marvel Comics.
Peggy_Carter	Peggy Carter	Q3898777	https://en.wikipedia.org/wiki/Peggy_Carter	Margaret Elizabeth "Peggy" Carter is a fictional character appearing in American comic books published by Marvel Comics.
Phil_Urich	Phil Urich	Q4483669	https://en.wikipedia.org/wiki/Phil_Urich	Philip Benjamin "Phil" Urich () is a fictional character appearing in American comic books published by Marvel Comics.
Phoenix_Force	Phoenix (Guardians of the Galaxy)	Q8347897	https://en.wikipedia.org/wiki/Phoenix_Force	The Phoenix Force is a fictional entity appearing in American comic books published by Marvel Comics.
Phyla-Vell	Phyla-Vell	Q1235121	https://en.wikipedia.org/wiki/Phyla-Vell	Phyla-Vell is a character appearing in American comic books published by Marvel Comics.
Power_Man_(Victor_Alvarez)	Power Man (Victor Alvarez)	Q17014311	https://en.wikipedia.org/wiki/Power_Man_(Victor_Alvarez)	Power Man (Victor Alvarez) is a superhero appearing in American comic books published by Marvel Comics.
Powerhouse_(Marvel_Comics)	Powerhouse (Marvel Comics)	Q7236721	https://en.wikipedia.org/wiki/Powerhouse_(Marvel_Comics)	Powerhouse is a name used by three characters appearing in American comic books published by Marvel Comics.
Puck_(Marvel_Comics)	Puck (Marvel Comics)	Q3410524	https://en.wikipedia.org/wiki/Puck_(Marvel_Comics)	Puck is a fictional character appearing in American comic books published by Marvel Comics.
Quasar_(character)	Quasar (character)	Q1992429	https://en.wikipedia.org/wiki/Quasar_(character)	Quasar is the name of several superheroes appearing in American comic books published by Marvel Comics.
Quicksilver_(Marvel_Comics)	Quicksilver (Marvel Comics)	Q929273	https://en.wikipedia.org/wiki/Quicksilver_(Marvel_Comics)	Quicksilver is a character appearing in American comic books published by Marvel Comics.
Rachel_Summers	Rachel Summers	Q258015	https://en.wikipedia.org/wiki/Rachel_Summers	Rachel Anne Summers is a fictional character appearing in American comic books published by Marvel Comics.
Radian_(Morituri)	Radian (Morituri)	Q7280286	https://en.wikipedia.org/wiki/Radian_(Morituri)	Radian (Louis Armanetti) is a superhero appearing in American comic books published by Marvel Comics.
Radioactive_Man_(comics)	Radioactive Man (comics)	Q978851	https://en.wikipedia.org/wiki/Radioactive_Man_(comics)	Radioactive Man is the name of several supervillains appearing in American comic books published by Marvel Comics.
Ravage_2099	Ravage 2099	Q3930550	https://en.wikipedia.org/wiki/Ravage_2099	Ravage 2099 (Paul-Phillip Ravage) is a superhero appearing in American comic books published by Marvel Comics.
Raza_Longknife	Raza Longknife	Q3421361	https://en.wikipedia.org/wiki/Raza_Longknife	Raza Longknife is a fictional character appearing in American comic books published by Marvel Comics.
Red_Guardian	Red Guardian	Q2298436	https://en.wikipedia.org/wiki/Red_Guardian	The Red Guardian (Russian: Красный страж, Krasnyy Strazh) is the name of several fictional characters appearing in American comic books published by Marvel Comics: Aleksey Lebedev, Alexei Shostakov, Tania Belinsky, Josef Petkus, Krassno Gra
Red_Raven_(Marvel_Comics)	Red Raven (Dania)	Q7304777	https://en.wikipedia.org/wiki/Red_Raven_(Marvel_Comics)	Red Raven is the name of three separate fictional characters appearing in American comic books published by Marvel Comics.
Red_Wolf_(comics)	Red Wolf (comics)	Q3422805	https://en.wikipedia.org/wiki/Red_Wolf_(comics)	Red Wolf is a superhero identity used by several fictional characters appearing in American comic books published by Marvel Comics.
Redneck_(comics)	Redneck (comics)	Q17015182	https://en.wikipedia.org/wiki/Redneck_(comics)	Vincent Stewart, codenamed Redneck and later Skybolt is a fictional mutant character appearing in American comic books published by Marvel Comics.
Ricochet_(comics)	Ricochet (comics)	Q7332306	https://en.wikipedia.org/wiki/Ricochet_(comics)	Ricochet is a fictional character appearing in American comic books published by Marvel Comics.
Rikki_Barnes	Rikki Barnes	Q7334071	https://en.wikipedia.org/wiki/Rikki_Barnes	Rebecca "Rikki" Barnes is a fictional character appearing in American comic books published by Marvel Comics.
Robbie_Baldwin	Robbie Baldwin	Q2276949	https://en.wikipedia.org/wiki/Robbie_Baldwin	Robert "Robbie" Baldwin is a superhero appearing in American comic books published by Marvel Comics.
Rocket_Raccoon	Rocket Raccoon	Q638476	https://en.wikipedia.org/wiki/Rocket_Raccoon	Rocket Raccoon is a character appearing in American comic books published by Marvel Comics.
Rockman_(character)	Rockman (character)	Q6586320	https://en.wikipedia.org/wiki/Rockman_(character)	Rockman is a fictional superhero appearing in American comic books published by Marvel Comics.
Rockslide_(character)	Rockslide (character)	Q962777	https://en.wikipedia.org/wiki/Rockslide_(character)	Rockslide (Santo Vaccarro) is a fictional mutant superhero appearing in American comic books published by Marvel Comics.
Rom_the_Space_Knight	Rom the Space Knight	Q3088458	https://en.wikipedia.org/wiki/Rom_the_Space_Knight	Rom the Space Knight is a superhero who was originally conceived as a toy and then a magazine lead.
Ronin_(Marvel_Comics)	Ronin (Marvel Comics)	Q253251	https://en.wikipedia.org/wiki/Ronin_(Marvel_Comics)	Ronin is an alias used by multiple characters appearing in American comic books published by Marvel Comics.
Ruby_Summers	Ruby Summers	Q3446576	https://en.wikipedia.org/wiki/Ruby_Summers	Ruby Summers is a fictional character appearing in American comic books published by Marvel Comics.
Rusty_Collins	Rusty Collins	Q3453575	https://en.wikipedia.org/wiki/Rusty_Collins	Russell "Rusty" Collins, formerly known as Firefist, is a superhero appearing in American comic books published by Marvel Comics.
Sabra_(character)	Sabra (character)	Q2777040	https://en.wikipedia.org/wiki/Sabra_(character)	Sabra (Hebrew: סברה), also known by her alias Ruth Bat-Seraph (Hebrew: רות בת-שרף), is a superhero appearing in American comic books published by Marvel Comics.
Satana_(Marvel_Comics)	Satana (Marvel Comics)	Q3473863	https://en.wikipedia.org/wiki/Satana_(Marvel_Comics)	Satana Hellstrom () is a fictional character appearing in American comic books published by Marvel Comics.
Scaredycat	Scaredycat	Q7430385	https://en.wikipedia.org/wiki/Scaredycat	Scaredycat (Pilar Lisieux) is a superhero appearing in American comic books published by Marvel Comics.
Scarlet_Scarab	Scarlet Scarab	Q7430450	https://en.wikipedia.org/wiki/Scarlet_Scarab	Scarlet Scarab is the name of three characters appearing in American comic books published by Marvel Comics.
Scarlet_Spider	Scarlet Spider	Q3929460	https://en.wikipedia.org/wiki/Scarlet_Spider	The Scarlet Spider is an alias used by several fictional characters appearing in American comic books published by Marvel Comics, most notably Ben Reilly and Kaine Parker, both of whom are genetic clones of Peter Parker, the superhero Spide
Scarlet_Witch	Scarlet Witch	Q929285	https://en.wikipedia.org/wiki/Scarlet_Witch	Scarlet Witch (Wanda Django Maximoff) is a character appearing in American comic books published by Marvel Comics.
Scatterbrain_(Morituri)	Scatterbrain (Morituri)	Q7430600	https://en.wikipedia.org/wiki/Scatterbrain_(Morituri)	Scatterbrain (Will Deguchi) is a superhero appearing in American comic books published by Marvel Comics.
Scorpio_(Marvel_Comics)	Scorpio (Marvel Comics)	Q7435377	https://en.wikipedia.org/wiki/Scorpio_(Marvel_Comics)	Scorpio is the name of several fictional characters appearing in American comic books published by Marvel Comics.
Sean_and_Chris	Sean and Chris	Q7441548	https://en.wikipedia.org/wiki/Sean_and_Chris	Sean and Chris Daniels are a pair of characters that appear in the NEW-GEN comic books published by Marvel Comics.
Sentry_(Robert_Reynolds)	Sentry (Robert Reynolds)	Q491609	https://en.wikipedia.org/wiki/Sentry_(Robert_Reynolds)	The Sentry (Robert "Bob" Reynolds) and The Void are, respectively, a superhero and supervillain appearing in American comic books published by Marvel Comics.
Shamrock_(comics)	Shamrock (comics)	Q3481318	https://en.wikipedia.org/wiki/Shamrock_(comics)	Shamrock is a comic book superhero appearing in American comic books published by Marvel Comics.
Shang-Chi	Shang-Chi	Q2262357	https://en.wikipedia.org/wiki/Shang-Chi	Zheng Shang-Chi, also known as the Master of Kung Fu, is a superhero appearing in American comic books published by Marvel Comics.
Shatterstar	Shatterstar	Q2275950	https://en.wikipedia.org/wiki/Shatterstar	Shatterstar (Gaveedra-Seven; Earth name: Benjamin Russell) is a mutant superhero appearing in American comic books published by Marvel Comics.
She-Hulk	She-Hulk	Q677627	https://en.wikipedia.org/wiki/She-Hulk	She-Hulk (Jennifer Susan Walters) is a character appearing in American comic books published by Marvel Comics.
She-Hulk_(Lyra)	She-Hulk (Lyra)	Q3841033	https://en.wikipedia.org/wiki/She-Hulk_(Lyra)	She-Hulk (Lyra) is a character appearing in American comic books published by Marvel Comics.
Shear_(character)	Shear (character)	Q7492168	https://en.wikipedia.org/wiki/Shear_(character)	Shear (Walther Feyzioglu) is a superhero appearing in American comic books published by Marvel Comics.
Shuri_(character)	Shuri (character)	Q7505397	https://en.wikipedia.org/wiki/Shuri_(character)	Black Panther / Aja-Adanna (Princess Shuri) is a superheroine appearing in American comic books published by Marvel Comics.
Silencer_(comics)	Silencer (comics)	Q7514430	https://en.wikipedia.org/wiki/Silencer_(comics)	Silencer is the name of several characters appearing in American comic books published by Marvel Comics.
Silhouette_(comics)	Silhouette (comics)	Q7514881	https://en.wikipedia.org/wiki/Silhouette_(comics)	Silhouette (Silhouette Chord) is a character appearing in American comic books published by Marvel Comics.
Silk_(character)	Silk (character)	Q18754954	https://en.wikipedia.org/wiki/Silk_(character)	Silk is a superhero appearing in American comic books published by Marvel Comics.
Skull_the_Slayer	Skull the Slayer	Q7536965	https://en.wikipedia.org/wiki/Skull_the_Slayer	Skull the Slayer (James Patrick Scully) is a character appearing in American comic books published by Marvel Comics.
Snapdragon_(Morituri)	Snapdragon (Morituri)	Q7547285	https://en.wikipedia.org/wiki/Snapdragon_(Morituri)	Snapdragon (Lorna Leigh Raeburn) is a superhero appearing in American comic books published by Marvel Comics.
Solarman	Solarman	Q7557064	https://en.wikipedia.org/wiki/Solarman	Solarman is a comic book superhero that first appeared in 1979, published by Pendulum Press, and then starred in a self-titled two-issue series from Marvel Comics in 1989.
Solo_(Marvel_Comics)	Solo (Marvel Comics)	Q3964376	https://en.wikipedia.org/wiki/Solo_(Marvel_Comics)	James Bourne, also known as Solo, is a character, appearing in American comic books published by Marvel Comics.
Solomon_Kane_(comics)	Solomon Kane (comics)	Q16210414	https://en.wikipedia.org/wiki/Solomon_Kane_(comics)	Solomon Kane is a fictional character featured in several comics published by Marvel Comics between 1973 and 1994.
Speed_(character)	Speed (character)	Q3966459	https://en.wikipedia.org/wiki/Speed_(character)	Speed (Thomas "Tommy" Shepherd) is a fictional superhero appearing in American comic books published by Marvel Comics.
Spider-Bitch_(Ashley_Barton)	Spider-Bitch (Ashley Barton)	Q110692815	https://en.wikipedia.org/wiki/Spider-Bitch_(Ashley_Barton)	Spider-Bitch (Ashley Parker Barton) is a character appearing in American comic books published by Marvel Comics.
Spider-Girl	Spider-Girl	Q60719010	https://en.wikipedia.org/wiki/Spider-Girl	Spider-Girl is the code name of several superheroines in comic books published by Marvel Comics.
Spider-Man	Spider-Man	Q79037	https://en.wikipedia.org/wiki/Spider-Man	Spider-Man is a superhero in American comic books published by Marvel Comics.
Spider-Man_(Marvel_Mangaverse)	Spider-Man (Marvel Mangaverse)	Q48739522	https://en.wikipedia.org/wiki/Spider-Man_(Marvel_Mangaverse)	Spider-Man (Peter Parker) from the Marvel Mangaverse is an alternate version of Spider-Man created by Kaare Andrews and the protagonist of Marvel Mangaverse: Spider-Man.
Spider-Man_Noir	Spider-Man Noir	Q3966701	https://en.wikipedia.org/wiki/Spider-Man_Noir	Spider-Man Noir (Peter Parker), often referred to as Spider-Noir, Spider-Man, or simply Noir, is a superhero appearing in American comic books published by Marvel Comics.
Spider-UK	Spider-UK	Q48739508	https://en.wikipedia.org/wiki/Spider-UK	Spider-UK of the Captain Britain Corps, or simply Spider-UK, is the name of several British alternate-reality superheroes appearing in American comic books published in Marvel Comics.
Spider-Woman	Spider-Woman	Q2922722	https://en.wikipedia.org/wiki/Spider-Woman	Spider-Woman is the code name of several fictional characters in comic books published by Marvel Comics.
Spider-Woman_(Gwen_Stacy)	Spider-Woman (Gwen Stacy)	Q20979395	https://en.wikipedia.org/wiki/Spider-Woman_(Gwen_Stacy)	Spider-Woman (Gwendolyne Maxine "Gwen" Stacy; colloquially: Spider-Gwen, Gwenom, also known as Ghost-Spider) is a superhero appearing in American comic books published by Marvel Comics.
Spider-Woman_(Jessica_Drew)	Spider-Woman (Jessica Drew)	Q1188309	https://en.wikipedia.org/wiki/Spider-Woman_(Jessica_Drew)	Spider-Woman (Jessica Drew) is a character appearing in American comic books published by Marvel Comics.
Spitfire_(character)	Spitfire (character)	Q3493623	https://en.wikipedia.org/wiki/Spitfire_(character)	Spitfire (Lady Jacqueline Falsworth Crichton) is a superhero appearing in American comic books published by Marvel Comics.
Star_Brand	Star Brand	Q3968281	https://en.wikipedia.org/wiki/Star_Brand	The Star Brand is the name of a number of similar objects of power in the world of the Marvel Comics.
Star-Lord	Star-Lord	Q3496918	https://en.wikipedia.org/wiki/Star-Lord	Star-Lord (Peter Jason Quill) is a fictional character appearing in American comic books published by Marvel Comics.
Starhawk_(character)	Starhawk (character)	Q3497149	https://en.wikipedia.org/wiki/Starhawk_(character)	Starhawk (Stakar Ogord) is an antihero appearing in American comic books published by Marvel Comics.
Starr_the_Slayer	Starr the Slayer	Q7602237	https://en.wikipedia.org/wiki/Starr_the_Slayer	Starr the Slayer is a fictional character appearing in American comic books published by Marvel Comics.
Steel_Spider	Steel Spider	Q3497782	https://en.wikipedia.org/wiki/Steel_Spider	Steel Spider (Oliver "Ollie" Osnick) is a superhero appearing in American comic books published by Marvel Comics.
Stingray_(Marvel_Comics)	Stingray (Marvel Comics)	Q2186821	https://en.wikipedia.org/wiki/Stingray_(Marvel_Comics)	Stingray (Walter Newell) is a superhero appearing in American comic books published by Marvel Comics.
Storm_(Marvel_Comics)	Storm (Marvel Comics)	Q632212	https://en.wikipedia.org/wiki/Storm_(Marvel_Comics)	Storm is a superhero appearing in American comic books published by Marvel Comics.
Straw_Man_(comics)	Straw Man (comics)	Q7622370	https://en.wikipedia.org/wiki/Straw_Man_(comics)	The Straw Man, originally called the Scarecrow, is a fictional character appearing in American comic books published by Marvel Comics.
Super_Rabbit	Super Rabbit	Q7642672	https://en.wikipedia.org/wiki/Super_Rabbit	Super Rabbit is a talking animal superhero in american comic books published by Timely Comics, a predecessor of Marvel Comics, during the 1930s and 1940s period fans and historians call the Golden Age of comic books.
Surge_(Marvel_Comics)	Surge (Marvel Comics)	Q2213159	https://en.wikipedia.org/wiki/Surge_(Marvel_Comics)	Noriko "Nori" Ashida is a superhero appearing in the American comic books published by Marvel Comics.
Synapse_(character)	Synapse (character)	Q48739459	https://en.wikipedia.org/wiki/Synapse_(character)	Synapse is the name of two characters appearing in American comic books published by Marvel Comics.
Tarantula_(Marvel_Comics)	Tarantula (Marvel Comics)	Q1094358	https://en.wikipedia.org/wiki/Tarantula_(Marvel_Comics)	The Tarantula is a fictional character name used by several characters, usually supervillains, appearing in American comic books published by Marvel Comics.
The_Union_(Marvel)	The Union (Marvel)	Q96409676	https://en.wikipedia.org/wiki/The_Union_(Marvel)	The Union is a UK superhero team that appears in comic books published by Marvel Comics.
The_Witness_(character)	The Witness (character)	Q8028382	https://en.wikipedia.org/wiki/The_Witness_(character)	The Witness is the name of at least three fictional characters appearing in American comic books published by Marvel Comics.
Thena	Thena	Q7781352	https://en.wikipedia.org/wiki/Thena	Thena (born Azura) is a character appearing in American comic books published by Marvel Comics.
Thin_Man_(character)	Thin Man (character)	Q7784269	https://en.wikipedia.org/wiki/Thin_Man_(character)	The Thin Man is a superhero appearing in American comic books published by Marvel Comics.
Thor_Girl	Thor Girl	Q3990774	https://en.wikipedia.org/wiki/Thor_Girl	Thor Girl (Tarene) is a superheroine appearing in American comic books published by Marvel Comics.
Thunderbolt_(Marvel_Comics)	Thunderbolt (Marvel Comics)	Q7799111	https://en.wikipedia.org/wiki/Thunderbolt_(Marvel_Comics)	Thunderbolt is the name of two fictional characters appearing in American comic books published by Marvel Comics.
Thunderclap_(comics)	Thunderclap (comics)	Q7799130	https://en.wikipedia.org/wiki/Thunderclap_(comics)	Thunderclap (Stanley George Johnson) is a fictional superhero appearing in American comic books published by Marvel Comics.
Timeslip_(comics)	Timeslip (comics)	Q7806604	https://en.wikipedia.org/wiki/Timeslip_(comics)	Timeslip (Rina Patel) is a superhero appearing in American comic books published by Marvel Comics.
Toro_(character)	Toro (character)	Q3995012	https://en.wikipedia.org/wiki/Toro_(character)	Toro is the name of two fictional characters appearing in American comic books published by Marvel Comics.
Toxyn	Toxyn	Q7830489	https://en.wikipedia.org/wiki/Toxyn	Toxyn (Ruth Mastorakis) is a superhero appearing in American comic books published by Marvel Comics.
Turbo_(comics)	Turbo (comics)	Q7853799	https://en.wikipedia.org/wiki/Turbo_(comics)	Turbo is the name of two superheroes appearing in American comic books published by Marvel Comics.
Two-Gun_Kid	Two-Gun Kid	Q961242	https://en.wikipedia.org/wiki/Two-Gun_Kid	The Two-Gun Kid is the name of two Western fictional characters appearing in American comic books published by Marvel Comics.
Typeface_(character)	Typeface (character)	Q7860927	https://en.wikipedia.org/wiki/Typeface_(character)	Typeface (Gordon Thomas) is a fictional character appearing in American comic books published by Marvel Comics.
U.S._Agent	U.S. Agent	Q2540291	https://en.wikipedia.org/wiki/U.S._Agent	U.S. Agent (John Walker) is a character appearing in American comic books published by Marvel Comics, usually those starring Captain America and the Avengers.
Ulysses_Bloodstone	Ulysses Bloodstone	Q3548162	https://en.wikipedia.org/wiki/Ulysses_Bloodstone	Ulysses Bloodstone is a fictional character appearing in American comic books published by Marvel Comics.
Union_Jack_(Joseph_Chapman)	Union Jack (Joseph Chapman)	Q7885781	https://en.wikipedia.org/wiki/Union_Jack_(Joseph_Chapman)	Union Jack (Joseph "Joey" Chapman) is a character appearing in American comic books published by Marvel Comics.
Union_Jack_(Marvel_Comics)	Union Jack (Marvel Comics)	Q898165	https://en.wikipedia.org/wiki/Union_Jack_(Marvel_Comics)	Union Jack is the name of three superheroes appearing in American comic books published by Marvel Comics.
Ursa_Major_(character)	Ursa Major (character)	Q3552470	https://en.wikipedia.org/wiki/Ursa_Major_(character)	Ursa Major (Russian: Большая Медведица, romanized: Bol'shaya Medveditsa, Mikhail Uriokovitch Ursus) is a fictional character, a mutant appearing in American comic books published by Marvel Comics.
Vance_Astrovik	Vance Astrovik	Q3545872	https://en.wikipedia.org/wiki/Vance_Astrovik	Vance Astrovik, also known as Justice and formerly known as Marvel Boy, is a superhero appearing in American comic books published by Marvel Comics.
Venom_(character)	Venom (character)	Q1621261	https://en.wikipedia.org/wiki/Venom_(character)	Venom, known formally as "the Symbiote", is a character appearing in American comic books published by Marvel Comics.
Vindicator_(comics)	Vindicator (comics)	Q641682	https://en.wikipedia.org/wiki/Vindicator_(comics)	Vindicator (Heather MacNeil Hudson) is a fictional superhero appearing in American comic books published by Marvel Comics.
Vulcan_(Marvel_Comics)	Vulcan (Marvel Comics)	Q2568977	https://en.wikipedia.org/wiki/Vulcan_(Marvel_Comics)	Vulcan (Gabriel Summers) is a fictional character appearing in American comic books published by Marvel Comics.
Vyking	Vyking	Q7943936	https://en.wikipedia.org/wiki/Vyking	Vyking (Harold Carl Everson) is a superhero appearing in American comic books published by Marvel Comics.
War_Machine	War Machine	Q616337	https://en.wikipedia.org/wiki/War_Machine	War Machine is a superhero appearing in American comic books published by Marvel Comics.
Werewolf_by_Night	Werewolf by Night	Q2268707	https://en.wikipedia.org/wiki/Werewolf_by_Night	The Werewolf by Night (also known as the Werewolf) is a fictional character and werewolf appearing in American comic books published by Marvel Comics.
White_Tiger_(Heroes_for_Hire)	White Tiger (Heroes for Hire)	Q7995470	https://en.wikipedia.org/wiki/White_Tiger_(Heroes_for_Hire)	White Tiger is a fictional animal superhero character appearing in American comic books published by Marvel Comics.
White_Tiger_(comics)	White Tiger (comics)	Q3528345	https://en.wikipedia.org/wiki/White_Tiger_(comics)	White Tiger is the name of several superheroes appearing in American comic books published by Marvel Comics.
Whizzer_(Robert_Frank)	Whizzer (Robert Frank)	Q1402209	https://en.wikipedia.org/wiki/Whizzer_(Robert_Frank)	The Whizzer (Robert L. Frank) is a superhero appearing in American comic books published by Marvel Comics.
Wild_Child_(character)	Wild Child (character)	Q2597584	https://en.wikipedia.org/wiki/Wild_Child_(character)	Kyle Gibney is a character appearing in American comic books published by Marvel Comics.
Will_o'_the_Wisp_(comics)	Will o' the Wisp (comics)	Q1772036	https://en.wikipedia.org/wiki/Will_o%27_the_Wisp_(comics)	Will o' the Wisp (Dr. Jackson Arvad) is a supervillain appearing in American comic books published by Marvel Comics.
William_Burnside_(character)	William Burnside (character)	Q3547398	https://en.wikipedia.org/wiki/William_Burnside_(character)	William Burnside, PhD, also known as the Captain America of the 1950s, Commie Smasher or Bad Cap, is a fictional character appearing in American comic books published by Marvel Comics.
Wolverine_(Ultimate_Marvel_character)	Wolverine (Ultimate Marvel character)	Q7880273	https://en.wikipedia.org/wiki/Wolverine_(Ultimate_Marvel_character)	Wolverine (James Howlett) is a fictional character appearing in books published by Marvel Comics.
Wolverine_(character)	Wolverine (character)	Q186422	https://en.wikipedia.org/wiki/Wolverine_(character)	Wolverine is a superhero appearing in American comic books published by Marvel Comics.
Xorn	Xorn	Q2297125	https://en.wikipedia.org/wiki/Xorn	Xorn is the alias of two fictional characters appearing in American comic books published by Marvel Comics.
Yelena_Belova	Yelena Belova	Q4009216	https://en.wikipedia.org/wiki/Yelena_Belova	Yelena Belova (Russian: Еле́на Бело́ва) is a comic book character appearing in American comic books published by Marvel Comics.
Yo-Yo_Rodriguez	Yo-Yo Rodriguez	Q23018324	https://en.wikipedia.org/wiki/Yo-Yo_Rodriguez	Elena "Yo-Yo" Rodriguez (also known as Slingshot) is a superhero appearing in American comic books published by Marvel Comics.
Zombie_(comics)	Zombie (comics)	Q4024681	https://en.wikipedia.org/wiki/Zombie_(comics)	The Zombie (Simon William Garth) is a fictional supernatural character appearing in American comic books published by Marvel Comics.
