# 02805 shared playground — week 4 release (frozen snapshot, 2026-09-06; same crawl as week 1)
# The week-1 edges with a weight: how many times the article of A links to the article of B
# (repeated links to the same character = a stronger tie). 303 nodes, 1784 directed edges,
# 1288 of them with weight 1, max 11. Sum both directions for an undirected weighted network
# (max 16). node_id matches week1_nodes.tsv.
# source	target	weight
Abomination_(character)	Deathlok	1
Abomination_(character)	Gargoyle_(comics)	1
Abomination_(character)	Hercules_(Marvel_Comics)	1
Abomination_(character)	Hulk	3
Abomination_(character)	Jessica_Jones	1
Abomination_(character)	Kristoff_Vernard	1
Abomination_(character)	She-Hulk	2
Abomination_(character)	Spider-Man	1
Adam_Warlock	Black_Panther_(character)	1
Adam_Warlock	Black_Widow_(Natasha_Romanova)	1
Adam_Warlock	Devil_Dinosaur	1
Adam_Warlock	Doctor_Strange	1
Adam_Warlock	Emma_Frost	1
Adam_Warlock	Fin_Fang_Foom	1
Adam_Warlock	Genis-Vell	2
Adam_Warlock	Ghost_Rider	1
Adam_Warlock	Gladiator_(Kallark)	1
Adam_Warlock	Hulk	1
Adam_Warlock	Human_Torch	1
Adam_Warlock	Iron_Lad	1
Adam_Warlock	Kismet_(Marvel_Comics)	1
Adam_Warlock	Man-Thing	1
Adam_Warlock	Moon_Knight	1
Adam_Warlock	Moondragon	1
Adam_Warlock	Phyla-Vell	1
Adam_Warlock	Quasar_(character)	1
Adam_Warlock	Scarlet_Witch	1
Adam_Warlock	She-Hulk	1
Adam_Warlock	Spider-Man	1
Adam_Warlock	Star-Lord	1
Agent_X_(Marvel_Comics)	Bob,_Agent_of_Hydra	1
Agent_X_(Marvel_Comics)	Cable_(character)	1
Agent_X_(Marvel_Comics)	Outlaw_(Marvel_Comics)	2
Ajak	Hercules_(Marvel_Comics)	1
Ajak	Ikaris	1
Ajak	Makkari_(character)	1
Ajak	Thena	1
Alex_Wilder	Chase_Stein	1
Anne_Weying	Deadpool	1
Anne_Weying	Eddie_Brock	2
Anne_Weying	Spider-Man	2
Anne_Weying	Venom_(character)	2
Anole_(character)	Cyclops_(Marvel_Comics)	1
Anole_(character)	Emma_Frost	1
Anole_(character)	Hellion_(character)	2
Anole_(character)	Hulkling	1
Anole_(character)	Northstar_(character)	1
Anole_(character)	Rockslide_(character)	1
Anya_Corazon	Dusk_(comics)	1
Anya_Corazon	Machine_Man	1
Anya_Corazon	Mayday_Parker	2
Anya_Corazon	Ms._Marvel	1
Anya_Corazon	Phil_Urich	1
Anya_Corazon	Power_Man_(Victor_Alvarez)	1
Anya_Corazon	Rikki_Barnes	2
Anya_Corazon	Spider-Girl	1
Anya_Corazon	Spider-Man	3
Anya_Corazon	Spider-Man_Noir	1
Anya_Corazon	Spider-Woman_(Gwen_Stacy)	2
Anya_Corazon	Spider-Woman_(Jessica_Drew)	1
Arabian_Knight_(character)	Black_Panther_(character)	2
Arabian_Knight_(character)	Hulk	1
Arabian_Knight_(character)	Machine_Man	1
Arabian_Knight_(character)	Sabra_(character)	1
Arabian_Knight_(character)	She-Hulk	1
Arabian_Knight_(character)	Storm_(Marvel_Comics)	1
Arabian_Knight_(character)	Union_Jack_(Joseph_Chapman)	2
Arabian_Knight_(character)	Union_Jack_(Marvel_Comics)	1
Ares_(Marvel_Comics)	Balder_the_Brave	1
Ares_(Marvel_Comics)	Black_Knight_(Marvel_Comics)	1
Ares_(Marvel_Comics)	Hercules_(Marvel_Comics)	3
Ares_(Marvel_Comics)	Ikaris	1
Ares_(Marvel_Comics)	Outlaw_(Marvel_Comics)	1
Ares_(Marvel_Comics)	Sentry_(Robert_Reynolds)	1
Ares_(Marvel_Comics)	Shang-Chi	1
Backhand_(character)	Vyking	1
Balder_the_Brave	Fandral	1
Balder_the_Brave	Hercules_(Marvel_Comics)	1
Battlestar_(character)	Bucky_(Marvel_Comics)	2
Battlestar_(character)	U.S._Agent	3
Beta_Ray_Bill	Adam_Warlock	1
Beta_Ray_Bill	Hulk	1
Beta_Ray_Bill	Rom_the_Space_Knight	3
Beta_Ray_Bill	Spider-Man	1
Beta_Ray_Bill	Storm_(Marvel_Comics)	1
Betsy_Braddock	Anole_(character)	1
Betsy_Braddock	Black_Cat_(Marvel_Comics)	1
Betsy_Braddock	Brian_Braddock	4
Betsy_Braddock	Cable_(character)	3
Betsy_Braddock	Captain_Marvel_(Marvel_Comics)	1
Betsy_Braddock	Cyclops_(Marvel_Comics)	3
Betsy_Braddock	Deadpool	1
Betsy_Braddock	Deathlok	1
Betsy_Braddock	Doctor_Nemesis	1
Betsy_Braddock	Doctor_Strange	1
Betsy_Braddock	Emma_Frost	2
Betsy_Braddock	Hellion_(character)	1
Betsy_Braddock	Jean_Grey	4
Betsy_Braddock	Jubilee_(character)	2
Betsy_Braddock	Man-Thing	1
Betsy_Braddock	Northstar_(character)	1
Betsy_Braddock	Phoenix_Force	2
Betsy_Braddock	Puck_(Marvel_Comics)	1
Betsy_Braddock	Quicksilver_(Marvel_Comics)	1
Betsy_Braddock	Rachel_Summers	8
Betsy_Braddock	Rockslide_(character)	1
Betsy_Braddock	Scarlet_Witch	1
Betsy_Braddock	Spider-Man	2
Betsy_Braddock	Storm_(Marvel_Comics)	2
Betsy_Braddock	Surge_(Marvel_Comics)	1
Betsy_Braddock	Vulcan_(Marvel_Comics)	1
Betsy_Braddock	Wolverine_(character)	2
Betsy_Braddock	Xorn	1
Bill_Foster_(character)	Black_Panther_(character)	1
Bill_Foster_(character)	Hank_Pym	3
Bill_Foster_(character)	Hercules_(Marvel_Comics)	1
Bill_Foster_(character)	Hulk	1
Bill_Foster_(character)	Iron_Fist_(character)	1
Bill_Foster_(character)	Jericho_Drumm	1
Bill_Foster_(character)	Luke_Cage	5
Bill_Foster_(character)	Mockingbird_(Marvel_Comics)	1
Bill_Foster_(character)	Moon_Knight	1
Bill_Foster_(character)	Quasar_(character)	1
Bill_Foster_(character)	Spider-Man	1
Bill_Foster_(character)	Spider-Woman_(Jessica_Drew)	1
Black_Bolt	Gorgon_(Inhuman)	1
Black_Bolt	Hulk	3
Black_Bolt	Human_Torch	1
Black_Bolt	Karnak_(character)	1
Black_Bolt	Kristoff_Vernard	1
Black_Bolt	Quicksilver_(Marvel_Comics)	1
Black_Bolt	Sentry_(Robert_Reynolds)	1
Black_Bolt	Spider-Man	1
Black_Bolt	Vulcan_(Marvel_Comics)	1
Black_Cat_(Marvel_Comics)	Blade_(character)	1
Black_Cat_(Marvel_Comics)	Doctor_Strange	2
Black_Cat_(Marvel_Comics)	Hulk	1
Black_Cat_(Marvel_Comics)	Jericho_Drumm	1
Black_Cat_(Marvel_Comics)	Killraven	1
Black_Cat_(Marvel_Comics)	Mayday_Parker	1
Black_Cat_(Marvel_Comics)	Misty_Knight	1
Black_Cat_(Marvel_Comics)	Morbius	2
Black_Cat_(Marvel_Comics)	Paladin_(comics)	1
Black_Cat_(Marvel_Comics)	Scarlet_Spider	1
Black_Cat_(Marvel_Comics)	Spider-Man	3
Black_Cat_(Marvel_Comics)	Spider-Man_Noir	3
Black_Cat_(Marvel_Comics)	Spider-Woman_(Jessica_Drew)	1
Black_Cat_(Marvel_Comics)	Wolverine_(character)	1
Black_Jack_Tarr	Shang-Chi	2
Black_Knight_(Marvel_Comics)	Black_Panther_(character)	4
Black_Knight_(Marvel_Comics)	Doctor_Strange	1
Black_Knight_(Marvel_Comics)	Hank_Pym	1
Black_Marvel	Spider-Man	2
Black_Marvel	Whizzer_(Robert_Frank)	1
Black_Panther_(character)	Bill_Foster_(character)	1
Black_Panther_(character)	Black_Bolt	1
Black_Panther_(character)	Deadpool	1
Black_Panther_(character)	Deathlok	1
Black_Panther_(character)	Doctor_Strange	1
Black_Panther_(character)	Luke_Cage	2
Black_Panther_(character)	Misty_Knight	1
Black_Panther_(character)	Scarlet_Witch	1
Black_Panther_(character)	Shuri_(character)	3
Black_Panther_(character)	Storm_(Marvel_Comics)	6
Black_Panther_(character)	White_Tiger_(comics)	1
Black_Rider_(character)	Doctor_Strange	2
Black_Rider_(character)	Kid_Colt	1
Black_Rider_(character)	Tarantula_(Marvel_Comics)	1
Black_Rider_(character)	Two-Gun_Kid	1
Black_Widow_(Natasha_Romanova)	Ghost_Rider_(Johnny_Blaze)	1
Black_Widow_(Natasha_Romanova)	Hercules_(Marvel_Comics)	1
Black_Widow_(Natasha_Romanova)	Red_Guardian	3
Black_Widow_(Natasha_Romanova)	Spider-Man	1
Black_Widow_(Natasha_Romanova)	Venom_(character)	1
Black_Widow_(Natasha_Romanova)	Wolverine_(character)	2
Black_Widow_(Natasha_Romanova)	Yelena_Belova	4
Blackthorn_(character)	Radian_(Morituri)	1
Blackwulf	Deathlok	1
Blackwulf	Hank_Pym	2
Blade_(character)	Doctor_Strange	2
Blade_(character)	Ghost_Rider_(Danny_Ketch)	2
Blade_(character)	Ghost_Rider_(Johnny_Blaze)	2
Blade_(character)	Gwenpool	1
Blade_(character)	Jubilee_(character)	1
Blade_(character)	Man-Thing	1
Blade_(character)	Moon_Knight	1
Blade_(character)	Morbius	4
Blade_(character)	Ronin_(Marvel_Comics)	2
Blade_(character)	Satana_(Marvel_Comics)	1
Blade_(character)	Spider-Man	1
Blade_(character)	Spitfire_(character)	1
Blazing_Skull	Black_Marvel	1
Blazing_Skull	Ghost_Rider_(Johnny_Blaze)	1
Blazing_Skull	Jeffrey_Mace	1
Blazing_Skull	Quasar_(character)	1
Blazing_Skull	She-Hulk	1
Blazing_Skull	Skull_the_Slayer	2
Blazing_Skull	U.S._Agent	1
Blazing_Skull	Union_Jack_(Marvel_Comics)	1
Blue_Bullet	Doctor_Nemesis	1
Blue_Bullet	Golem_(Marvel_Comics)	1
Blue_Diamond_(character)	Citizen_V	2
Blue_Diamond_(character)	Human_Torch	1
Blue_Diamond_(character)	Human_Torch_(android)	1
Blue_Diamond_(character)	Jack_Frost_(Marvel_Comics)	1
Blue_Diamond_(character)	Jeffrey_Mace	1
Blue_Diamond_(character)	Makkari_(character)	1
Blue_Diamond_(character)	Red_Raven_(Marvel_Comics)	1
Blue_Diamond_(character)	Thin_Man_(character)	1
Blue_Diamond_(character)	Whizzer_(Robert_Frank)	1
Blue_Eagle_(character)	Black_Widow_(Natasha_Romanova)	1
Blue_Marvel	Hulk	1
Blue_Marvel	Hyperion_(character)	2
Blue_Marvel	Luke_Cage	1
Blue_Marvel	Sentry_(Robert_Reynolds)	1
Bob,_Agent_of_Hydra	Agent_X_(Marvel_Comics)	2
Bob,_Agent_of_Hydra	Deadpool	4
Bob,_Agent_of_Hydra	Doctor_Strange	1
Bob,_Agent_of_Hydra	Hulk	1
Bob,_Agent_of_Hydra	Outlaw_(Marvel_Comics)	1
Bob,_Agent_of_Hydra	Spider-Man	1
Bob,_Agent_of_Hydra	Wolverine_(character)	1
Box_(comics)	Guardian_(Marvel_Comics)	2
Box_(comics)	Vindicator_(comics)	1
Brian_Braddock	Arabian_Knight_(character)	1
Brian_Braddock	Betsy_Braddock	5
Brian_Braddock	Elsa_Bloodstone	1
Brian_Braddock	Emma_Frost	1
Brian_Braddock	Hulk	1
Brian_Braddock	Killpower	1
Brian_Braddock	Ms._Marvel	1
Brian_Braddock	Rachel_Summers	2
Brian_Braddock	Spider-Man	1
Brian_Braddock	Spitfire_(character)	2
Brian_Braddock	Union_Jack_(Marvel_Comics)	1
Bucky_(Marvel_Comics)	Battlestar_(character)	2
Bucky_(Marvel_Comics)	Franklin_Richards_(character)	1
Bucky_(Marvel_Comics)	Jack_Monroe_(character)	2
Bucky_(Marvel_Comics)	Jeffrey_Mace	1
Bucky_(Marvel_Comics)	Nomad_(Marvel_Comics)	1
Bucky_(Marvel_Comics)	Rikki_Barnes	2
Bucky_(Marvel_Comics)	U.S._Agent	1
Bucky_(Marvel_Comics)	War_Machine	1
Bucky_(Marvel_Comics)	William_Burnside_(character)	1
Bug_(Marvel_Comics)	Genis-Vell	1
Bug_(Marvel_Comics)	Moondragon	1
Bug_(Marvel_Comics)	Rocket_Raccoon	1
Bug_(Marvel_Comics)	Star-Lord	1
Cable_(character)	Betsy_Braddock	1
Cable_(character)	Cyclops_(Marvel_Comics)	2
Cable_(character)	Deadpool	4
Cable_(character)	Doctor_Nemesis	1
Cable_(character)	Hercules_(Marvel_Comics)	1
Cable_(character)	Jean_Grey	2
Cable_(character)	Phoenix_Force	1
Cable_(character)	Rachel_Summers	4
Cable_(character)	Rusty_Collins	1
Cable_(character)	Shatterstar	1
Cable_(character)	Wolverine_(character)	1
Cammi_(character)	Chase_Stein	1
Cammi_(character)	Darkhawk	1
Cammi_(character)	Nova_(Richard_Rider)	1
Captain_Marvel_(Khn'nr)	Captain_Marvel_(Marvel_Comics)	2
Captain_Marvel_(Khn'nr)	Noh-Varr	1
Captain_Marvel_(Marvel_Comics)	Captain_Marvel_(Khn'nr)	1
Captain_Marvel_(Marvel_Comics)	Elsa_Bloodstone	1
Captain_Marvel_(Marvel_Comics)	Genis-Vell	3
Captain_Marvel_(Marvel_Comics)	Hank_Pym	1
Captain_Marvel_(Marvel_Comics)	Kismet_(Marvel_Comics)	1
Captain_Marvel_(Marvel_Comics)	Machine_Man	1
Captain_Marvel_(Marvel_Comics)	Moondragon	1
Captain_Marvel_(Marvel_Comics)	Ms._Marvel	2
Captain_Marvel_(Marvel_Comics)	Noh-Varr	1
Captain_Marvel_(Marvel_Comics)	Nova_(Richard_Rider)	1
Captain_Marvel_(Marvel_Comics)	Phyla-Vell	1
Captain_Marvel_(Marvel_Comics)	Quasar_(character)	2
Captain_Marvel_(Marvel_Comics)	Radioactive_Man_(comics)	1
Captain_Marvel_(Marvel_Comics)	Scarlet_Witch	1
Captain_Ultra	Doctor_Strange	1
Captain_Universe	Deadpool	1
Captain_Universe	Doctor_Druid	1
Captain_Universe	Doctor_Strange	3
Captain_Universe	Eddie_Brock	2
Captain_Universe	Gladiator_(Kallark)	2
Captain_Universe	Hulk	2
Captain_Universe	Jean_Grey	1
Captain_Universe	Nightmask	1
Captain_Universe	Quasar_(character)	2
Captain_Universe	Spider-Man	2
Captain_Universe	Spider-Man_Noir	1
Captain_Universe	Star-Lord	1
Captain_Universe	Starhawk_(character)	1
Captain_Universe	Venom_(character)	2
Caretaker_(comics)	Ghost_Rider	1
Caretaker_(comics)	Ghost_Rider_(Danny_Ketch)	2
Caretaker_(comics)	Ghost_Rider_(Johnny_Blaze)	3
Ch'od	Jean_Grey	1
Ch'od	Ms._Marvel	1
Ch'od	Rocket_Raccoon	1
Chase_Stein	Cammi_(character)	1
Chase_Stein	Darkhawk	3
Chase_Stein	Speed_(character)	1
Chase_Stein	Wolverine_(character)	1
Citizen_V	Cable_(character)	1
Cloak_and_Dagger_(characters)	Adam_Warlock	1
Cloak_and_Dagger_(characters)	Alex_Wilder	2
Cloak_and_Dagger_(characters)	Anole_(character)	1
Cloak_and_Dagger_(characters)	Anya_Corazon	1
Cloak_and_Dagger_(characters)	Black_Cat_(Marvel_Comics)	1
Cloak_and_Dagger_(characters)	Black_Widow_(Natasha_Romanova)	1
Cloak_and_Dagger_(characters)	Chase_Stein	1
Cloak_and_Dagger_(characters)	Darkhawk	1
Cloak_and_Dagger_(characters)	Deathlok	1
Cloak_and_Dagger_(characters)	Doctor_Nemesis	2
Cloak_and_Dagger_(characters)	Doctor_Strange	1
Cloak_and_Dagger_(characters)	Eddie_Brock	1
Cloak_and_Dagger_(characters)	Emma_Frost	1
Cloak_and_Dagger_(characters)	Hank_Pym	1
Cloak_and_Dagger_(characters)	Hulk	1
Cloak_and_Dagger_(characters)	Hulkling	1
Cloak_and_Dagger_(characters)	Iron_Fist_(character)	1
Cloak_and_Dagger_(characters)	Luke_Cage	2
Cloak_and_Dagger_(characters)	Moon_Knight	1
Cloak_and_Dagger_(characters)	Morbius	1
Cloak_and_Dagger_(characters)	Nightwatch_(character)	1
Cloak_and_Dagger_(characters)	Robbie_Baldwin	1
Cloak_and_Dagger_(characters)	Shang-Chi	1
Cloak_and_Dagger_(characters)	Spider-Man	3
Coldblood	Darkhawk	1
Coldblood	Deathlok	2
Crane_Mother	Hulk	1
Crane_Mother	Iron_Fist_(character)	5
Crane_Mother	Lei_Kung_(character)	1
Crippler_(character)	Deathlok	1
Crippler_(character)	Eddie_Brock	1
Crippler_(character)	Human_Torch	1
Crippler_(character)	Stingray_(Marvel_Comics)	1
Cyclops_(Marvel_Comics)	Betsy_Braddock	1
Cyclops_(Marvel_Comics)	Cable_(character)	4
Cyclops_(Marvel_Comics)	Emma_Frost	4
Cyclops_(Marvel_Comics)	Jean_Grey	3
Cyclops_(Marvel_Comics)	Phoenix_Force	4
Cyclops_(Marvel_Comics)	Rachel_Summers	2
Cyclops_(Marvel_Comics)	Scarlet_Witch	1
Cyclops_(Marvel_Comics)	Storm_(Marvel_Comics)	2
Cyclops_(Marvel_Comics)	Vulcan_(Marvel_Comics)	1
Cyclops_(Marvel_Comics)	Wolverine_(character)	2
Cyclops_(Marvel_Comics)	Xorn	1
Dargo_Ktor	Beta_Ray_Bill	1
Dargo_Ktor	Hercules_(Marvel_Comics)	1
Darkdevil	Doctor_Strange	2
Darkdevil	Ghost_Rider	1
Darkdevil	Mayday_Parker	4
Darkdevil	Venom_(character)	1
Darkhawk	Black_Bolt	1
Darkhawk	Chase_Stein	1
Darkhawk	Cloak_and_Dagger_(characters)	1
Darkhawk	Nova_(Richard_Rider)	3
Darkhawk	Phil_Urich	1
Darkhawk	Phoenix_Force	1
Darkhawk	Quasar_(character)	1
Darkhawk	Ricochet_(comics)	1
Darkhawk	Spider-Man	1
Darkhawk	Turbo_(comics)	1
Darkhawk	Wolverine_(character)	1
Deadpool	Agent_X_(Marvel_Comics)	1
Deadpool	Black_Widow_(Natasha_Romanova)	1
Deadpool	Blade_(character)	1
Deadpool	Bob,_Agent_of_Hydra	1
Deadpool	Cable_(character)	3
Deadpool	Dragon_Lord_(character)	1
Deadpool	Elsa_Bloodstone	2
Deadpool	Ghost_Rider	1
Deadpool	Gwenpool	1
Deadpool	Hulk	2
Deadpool	Moon_Knight	1
Deadpool	Morbius	1
Deadpool	Nomad_(Marvel_Comics)	1
Deadpool	Outlaw_(Marvel_Comics)	1
Deadpool	Rocket_Raccoon	1
Deadpool	She-Hulk	1
Deadpool	Spider-Man	3
Deadpool	Venom_(character)	1
Deadpool	Wolverine_(character)	4
Deathlok	Abomination_(character)	1
Deathlok	Black_Panther_(character)	1
Deathlok	Iron_Man_2020	1
Deathlok	Quasar_(character)	1
Deathlok	Spider-Man	1
Debrii	Bill_Foster_(character)	1
Debrii	Gauntlet_(Joseph_Green)	1
Debrii	She-Hulk	1
Debrii	Thor_Girl	1
Debrii	Vance_Astrovik	1
Delroy_Garrett	Deadpool	1
Delroy_Garrett	Marvel_Boy_(Robert_Grayson)	1
Delroy_Garrett	Thor_Girl	1
Detroit_Steel	War_Machine	1
Devil_Dinosaur	Deadpool	2
Devil_Dinosaur	Doctor_Strange	1
Devil_Dinosaur	Ghost_Rider_(Danny_Ketch)	1
Devil_Dinosaur	Hank_Pym	1
Devil_Dinosaur	Hulk	1
Devil_Dinosaur	Karnak_(character)	1
Devil_Dinosaur	Paladin_(comics)	1
Devil_Dinosaur	Spider-Man	1
Devil_Hulk	Hulk	4
Devil_Hulk	Venom_(character)	1
Digitek_(character)	Deathlok	1
Doctor_Druid	Doctor_Strange	5
Doctor_Druid	Emma_Frost	1
Doctor_Druid	Hulk	1
Doctor_Druid	Man-Thing	1
Doctor_Nemesis	Bill_Foster_(character)	1
Doctor_Nemesis	Black_Panther_(character)	1
Doctor_Nemesis	Cyclops_(Marvel_Comics)	1
Doctor_Nemesis	Emma_Frost	1
Doctor_Nemesis	Hank_Pym	3
Doctor_Nemesis	Human_Torch_(android)	2
Doctor_Nemesis	Jean_Grey	1
Doctor_Nemesis	Luke_Cage	1
Doctor_Nemesis	Spider-Man	1
Doctor_Spectrum	Black_Panther_(character)	1
Doctor_Spectrum	Doctor_Strange	1
Doctor_Spectrum	Hank_Pym	1
Doctor_Spectrum	Hyperion_(character)	1
Doctor_Spectrum	Jericho_Drumm	1
Doctor_Spectrum	Quasar_(character)	2
Doctor_Strange	Adam_Warlock	1
Doctor_Strange	Black_Widow_(Natasha_Romanova)	1
Doctor_Strange	Captain_Universe	1
Doctor_Strange	Cloak_and_Dagger_(characters)	1
Doctor_Strange	Deadpool	1
Doctor_Strange	Gwenpool	1
Doctor_Strange	Hulk	2
Doctor_Strange	Human_Torch	1
Doctor_Strange	Jericho_Drumm	3
Doctor_Strange	Luke_Cage	1
Doctor_Strange	Man-Thing	1
Doctor_Strange	Moon_Knight	1
Doctor_Strange	Rocket_Raccoon	1
Doctor_Strange	Scarlet_Witch	1
Doctor_Strange	Sentry_(Robert_Reynolds)	1
Doctor_Strange	Spider-Man	1
Doctor_Strange	Star-Lord	1
Dogpool	Deadpool	3
Doom_2099	Black_Panther_(character)	1
Doom_2099	Cable_(character)	1
Doom_2099	Cloak_and_Dagger_(characters)	1
Doom_2099	Deathlok	2
Doom_2099	Doctor_Strange	1
Doom_2099	Hulk_2099	2
Doom_2099	Rachel_Summers	1
Doom_2099	Ravage_2099	1
Doom_2099	Wolverine_(character)	1
Dragon_Lord_(character)	Delroy_Garrett	1
Dusk_(comics)	Anya_Corazon	1
Dusk_(comics)	Black_Marvel	1
Dusk_(comics)	Hornet_(comics)	1
Dusk_(comics)	Ms._Marvel	1
Dusk_(comics)	Ricochet_(comics)	1
Dusk_(comics)	Spider-Man	1
Eddie_Brock	Anne_Weying	2
Eddie_Brock	Black_Cat_(Marvel_Comics)	2
Eddie_Brock	Black_Widow_(Natasha_Romanova)	1
Eddie_Brock	Cloak_and_Dagger_(characters)	1
Eddie_Brock	Hybrid_(Scott_Washington)	1
Eddie_Brock	Iron_Fist_(character)	1
Eddie_Brock	John_Jameson_(character)	2
Eddie_Brock	Morbius	2
Eddie_Brock	Quasar_(character)	1
Eddie_Brock	Scarlet_Spider	1
Eddie_Brock	She-Hulk	1
Eddie_Brock	Silk_(character)	1
Eddie_Brock	Spider-Man	3
Eddie_Brock	Spider-Woman	1
Eddie_Brock	Spider-Woman_(Gwen_Stacy)	2
Eddie_Brock	Venom_(character)	4
Elsa_Bloodstone	Blade_(character)	1
Elsa_Bloodstone	Deadpool	4
Elsa_Bloodstone	Devil_Dinosaur	1
Elsa_Bloodstone	Fin_Fang_Foom	1
Elsa_Bloodstone	Ghost_Rider_(Johnny_Blaze)	1
Elsa_Bloodstone	Iron_Fist_(character)	1
Elsa_Bloodstone	Jericho_Drumm	1
Elsa_Bloodstone	Machine_Man	1
Elsa_Bloodstone	Man-Thing	1
Elsa_Bloodstone	Misty_Knight	1
Elsa_Bloodstone	Ulysses_Bloodstone	4
Elsa_Bloodstone	Wolverine_(character)	1
Emma_Frost	Anole_(character)	1
Emma_Frost	Black_Bolt	2
Emma_Frost	Cable_(character)	1
Emma_Frost	Cloak_and_Dagger_(characters)	1
Emma_Frost	Cyclops_(Marvel_Comics)	2
Emma_Frost	Empath_(character)	1
Emma_Frost	Jean_Grey	2
Emma_Frost	Jessica_Jones	1
Emma_Frost	Jubilee_(character)	1
Emma_Frost	Phoenix_Force	5
Emma_Frost	Rachel_Summers	2
Emma_Frost	Sentry_(Robert_Reynolds)	1
Emma_Frost	Shang-Chi	1
Emma_Frost	Spider-Man	1
Emma_Frost	Storm_(Marvel_Comics)	1
Emma_Frost	Wolverine_(character)	2
Emma_Frost	Xorn	1
Empath_(character)	Cyclops_(Marvel_Comics)	2
Empath_(character)	Emma_Frost	2
Empath_(character)	Hellion_(character)	1
Emrys_Killebrew	Deadpool	3
Emrys_Killebrew	Wolverine_(character)	1
Enigma_(Marvel_Comics)	Spider-Man	1
Ethan_Edwards	Spider-Man	1
Fabio_Medina	Cyclops_(Marvel_Comics)	1
Fabio_Medina	Phoenix_Force	1
Fabio_Medina	Spider-Man	1
Fandral	Balder_the_Brave	1
Fandral	Hulk	1
Fin_Fang_Foom	Sentry_(Robert_Reynolds)	1
Fin_Fang_Foom	War_Machine	1
Firebird_(Marvel_Comics)	Bill_Foster_(character)	1
Firebird_(Marvel_Comics)	Black_Widow_(Natasha_Romanova)	1
Firebird_(Marvel_Comics)	Deadpool	2
Firebird_(Marvel_Comics)	Delroy_Garrett	1
Firebird_(Marvel_Comics)	Franklin_Richards_(character)	1
Firebird_(Marvel_Comics)	Hank_Pym	2
Firebird_(Marvel_Comics)	Hulk	1
Firebird_(Marvel_Comics)	Mockingbird_(Marvel_Comics)	1
Firebird_(Marvel_Comics)	Moon_Knight	1
Firebird_(Marvel_Comics)	Moondragon	1
Firebird_(Marvel_Comics)	Patsy_Walker	1
Firebird_(Marvel_Comics)	Scarlet_Spider	1
Firelord_(character)	Hercules_(Marvel_Comics)	1
Flatman_(character)	Hercules_(Marvel_Comics)	1
Flatman_(character)	Living_Lightning	1
Flatman_(character)	Mockingbird_(Marvel_Comics)	1
Force_(comics)	Guardsman_(character)	1
Frankenstein's_Monster_(Marvel_Comics)	Bucky_(Marvel_Comics)	1
Frankenstein's_Monster_(Marvel_Comics)	Elsa_Bloodstone	3
Frankenstein's_Monster_(Marvel_Comics)	Ghost_Rider_(Johnny_Blaze)	1
Frankenstein's_Monster_(Marvel_Comics)	Human_Torch_(android)	1
Frankenstein's_Monster_(Marvel_Comics)	John_Jameson_(character)	1
Frankenstein's_Monster_(Marvel_Comics)	Man-Thing	1
Frankenstein's_Monster_(Marvel_Comics)	She-Hulk	1
Frankenstein's_Monster_(Marvel_Comics)	Spider-Man	3
Frankenstein's_Monster_(Marvel_Comics)	Toro_(character)	1
Frankenstein's_Monster_(Marvel_Comics)	Ulysses_Bloodstone	1
Frankenstein's_Monster_(Marvel_Comics)	Werewolf_by_Night	2
Franklin_Richards_(character)	Human_Torch	2
Franklin_Richards_(character)	Phoenix_Force	1
Franklin_Richards_(character)	Rachel_Summers	3
Frog-Man	Gargoyle_(comics)	3
Frog-Man	Human_Torch	2
Frog-Man	Jessica_Jones	1
Frog-Man	Spider-Man	3
Frog-Man	Steel_Spider	1
Frog-Man	Thor_Girl	1
G._W._Bridge	Cable_(character)	1
G._W._Bridge	Garrison_Kane	1
Gargoyle_(comics)	Frog-Man	1
Gargoyle_(comics)	Hulk	2
Gargoyle_(comics)	Moondragon	2
Gargoyle_(comics)	Patsy_Walker	1
Gargoyle_(comics)	War_Machine	1
Garrison_Kane	Box_(comics)	1
Garrison_Kane	Cable_(character)	2
Garrison_Kane	Deadpool	2
Garrison_Kane	Nomad_(Marvel_Comics)	1
Garrison_Kane	Rachel_Summers	1
Garrison_Kane	Wolverine_(character)	1
Gauntlet_(Joseph_Green)	Hank_Pym	1
Gauntlet_(Joseph_Green)	Hulk	1
Gauntlet_(Joseph_Green)	She-Hulk	3
Genis-Vell	Captain_Marvel_(Marvel_Comics)	3
Genis-Vell	Hyperion_(character)	1
Genis-Vell	Phyla-Vell	3
Ghost_Rider	Ares_(Marvel_Comics)	1
Ghost_Rider	Black_Panther_(character)	1
Ghost_Rider	Blade_(character)	1
Ghost_Rider	Caretaker_(comics)	1
Ghost_Rider	Deadpool	3
Ghost_Rider	Doctor_Strange	2
Ghost_Rider	Firelord_(character)	1
Ghost_Rider	Ghost_Rider_(Danny_Ketch)	4
Ghost_Rider	Ghost_Rider_(Johnny_Blaze)	5
Ghost_Rider	Hulk	2
Ghost_Rider	Jericho_Drumm	1
Ghost_Rider	Killraven	1
Ghost_Rider	Phoenix_Force	2
Ghost_Rider	Spider-Man	1
Ghost_Rider	Star_Brand	1
Ghost_Rider_(Danny_Ketch)	Blade_(character)	1
Ghost_Rider_(Danny_Ketch)	Ghost_Rider	3
Ghost_Rider_(Danny_Ketch)	Ghost_Rider_(Johnny_Blaze)	1
Ghost_Rider_(Danny_Ketch)	Hulk	1
Ghost_Rider_(Danny_Ketch)	Machine_Man	2
Ghost_Rider_(Danny_Ketch)	Spider-Man	2
Ghost_Rider_(Danny_Ketch)	Wolverine_(character)	2
Ghost_Rider_(Johnny_Blaze)	Caretaker_(comics)	2
Ghost_Rider_(Johnny_Blaze)	Doctor_Strange	4
Ghost_Rider_(Johnny_Blaze)	Ghost_Rider	2
Ghost_Rider_(Johnny_Blaze)	Ghost_Rider_(Danny_Ketch)	2
Ghost_Rider_(Johnny_Blaze)	Hulk	1
Ghost_Rider_(Johnny_Blaze)	Satana_(Marvel_Comics)	1
Ghost_Rider_(Johnny_Blaze)	Spider-Man	1
Ghost_Rider_(Johnny_Blaze)	Venom_(character)	1
Gladiator_(Kallark)	Captain_Universe	1
Gladiator_(Kallark)	Nova_(Richard_Rider)	1
Gladiator_(Kallark)	Phoenix_Force	1
Gladiator_(Kallark)	Rom_the_Space_Knight	2
Gladiator_(Kallark)	Spider-Man	1
Gladiator_(Kallark)	Vulcan_(Marvel_Comics)	1
Golem_(Marvel_Comics)	Blue_Bullet	1
Golem_(Marvel_Comics)	Doctor_Nemesis	1
Golem_(Marvel_Comics)	Doctor_Strange	1
Gorgon_(Inhuman)	Black_Bolt	1
Gremlin_(comics)	Gargoyle_(comics)	2
Gremlin_(comics)	Hulk	2
Gremlin_(comics)	Rom_the_Space_Knight	1
Gremlin_(comics)	Spider-Woman_(Jessica_Drew)	2
Guardian_(Marvel_Comics)	Puck_(Marvel_Comics)	1
Guardian_(Marvel_Comics)	Vindicator_(comics)	2
Guardian_(Marvel_Comics)	Wolverine_(Ultimate_Marvel_character)	1
Guardian_(Marvel_Comics)	Wolverine_(character)	1
Guardsman_(character)	Eddie_Brock	1
Guardsman_(character)	Force_(comics)	1
Guardsman_(character)	Hybrid_(Scott_Washington)	1
Guardsman_(character)	Luke_Cage	1
Guardsman_(character)	Quasar_(character)	1
Guardsman_(character)	U.S._Agent	1
Guardsman_(character)	War_Machine	1
Gwenpool	Abomination_(character)	1
Gwenpool	Black_Cat_(Marvel_Comics)	2
Gwenpool	Blade_(character)	1
Gwenpool	Deadpool	9
Gwenpool	Deathlok	1
Gwenpool	Doctor_Strange	2
Gwenpool	Fin_Fang_Foom	1
Gwenpool	Hyperion_(character)	1
Gwenpool	Moon_Knight	1
Gwenpool	Rocket_Raccoon	1
Gwenpool	She-Hulk	1
Gwenpool	Spider-Man	2
Gwenpool	Spider-Woman_(Gwen_Stacy)	1
Gwenpool	Storm_(Marvel_Comics)	1
Gwenpool	Wolverine_(character)	2
Hank_Pym	Bill_Foster_(character)	1
Hank_Pym	Doctor_Nemesis	1
Hank_Pym	Doctor_Strange	1
Hank_Pym	Firebird_(Marvel_Comics)	1
Hank_Pym	Hyperion_(character)	1
Hank_Pym	Magician_(Marvel_Comics)	1
Hank_Pym	Mockingbird_(Marvel_Comics)	1
Hank_Pym	Shang-Chi	1
Hawkeye_(comics)	Black_Widow_(Natasha_Romanova)	1
Hawkeye_(comics)	Franklin_Richards_(character)	1
Hawkeye_(comics)	Ronin_(Marvel_Comics)	1
Helix_(Marvel_Comics)	Spider-Man	1
Hellion_(character)	Anole_(character)	1
Hellion_(character)	Emma_Frost	1
Hellion_(character)	Empath_(character)	1
Hellion_(character)	Hulk	1
Hellion_(character)	Phoenix_Force	1
Hellion_(character)	Rachel_Summers	1
Hellion_(character)	Rockslide_(character)	1
Hellion_(character)	Rusty_Collins	1
Hellion_(character)	Spider-Man	1
Hellion_(character)	Surge_(Marvel_Comics)	2
Hellion_(character)	Synapse_(character)	1
Hercules_(Marvel_Comics)	Abomination_(character)	1
Hercules_(Marvel_Comics)	Ajak	1
Hercules_(Marvel_Comics)	Ares_(Marvel_Comics)	2
Hercules_(Marvel_Comics)	Balder_the_Brave	1
Hercules_(Marvel_Comics)	Black_Widow_(Natasha_Romanova)	1
Hercules_(Marvel_Comics)	Captain_Marvel_(Marvel_Comics)	1
Hercules_(Marvel_Comics)	Firelord_(character)	1
Hercules_(Marvel_Comics)	Hulk	5
Hercules_(Marvel_Comics)	Human_Torch	1
Hercules_(Marvel_Comics)	Living_Lightning	1
Hercules_(Marvel_Comics)	Noh-Varr	1
Hercules_(Marvel_Comics)	Quicksilver_(Marvel_Comics)	1
Hercules_(Marvel_Comics)	Red_Guardian	1
Hercules_(Marvel_Comics)	Red_Wolf_(comics)	1
Hercules_(Marvel_Comics)	She-Hulk	2
Hercules_(Marvel_Comics)	Spider-Man	2
Hercules_(Marvel_Comics)	Star-Lord	1
Hit-Monkey	Deadpool	1
Hit-Monkey	Jubilee_(character)	1
Hit-Monkey	Spider-Man	1
Hornet_(comics)	Black_Marvel	1
Hornet_(comics)	Dusk_(comics)	1
Hornet_(comics)	Spider-Woman_(Jessica_Drew)	2
Hornet_(comics)	Wolverine_(character)	1
Hrimhari	Werewolf_by_Night	1
Hulk	Abomination_(character)	3
Hulk	Deadpool	1
Hulk	Devil_Hulk	3
Hulk	Gargoyle_(comics)	1
Hulk	Hercules_(Marvel_Comics)	1
Hulk	Jean_Grey	1
Hulk	She-Hulk	3
Hulk	She-Hulk_(Lyra)	1
Hulk	Spider-Man	1
Hulk	Wolverine_(character)	1
Hulk_2099	Hulk	2
Hulk_2099	Moon_Knight	1
Hulkling	Captain_Marvel_(Khn'nr)	1
Hulkling	Cloak_and_Dagger_(characters)	1
Hulkling	Hank_Pym	1
Hulkling	Hulk	2
Hulkling	Noh-Varr	1
Hulkling	Quicksilver_(Marvel_Comics)	1
Hulkling	Scarlet_Witch	1
Hulkling	Speed_(character)	1
Hulkling	Wolverine_(character)	1
Human_Fly_(character)	Hornet_(comics)	1
Human_Fly_(character)	Moon_Knight	3
Human_Fly_(character)	Spider-Man	3
Human_Fly_(character)	Spider-Woman	1
Human_Fly_(character)	Spider-Woman_(Jessica_Drew)	4
Human_Torch	Franklin_Richards_(character)	1
Human_Torch	Human_Torch_(android)	5
Human_Torch	Living_Lightning	1
Human_Torch	Quicksilver_(Marvel_Comics)	1
Human_Torch	Spider-Man	2
Human_Torch_(android)	Black_Widow_(Natasha_Romanova)	1
Human_Torch_(android)	Bucky_(Marvel_Comics)	1
Human_Torch_(android)	Citizen_V	1
Human_Torch_(android)	Human_Torch	1
Human_Torch_(android)	Scarlet_Witch	1
Human_Torch_(android)	Spitfire_(character)	3
Human_Torch_(android)	Toro_(character)	5
Human_Torch_(android)	Union_Jack_(Marvel_Comics)	1
Human_Torch_(android)	Whizzer_(Robert_Frank)	1
Hybrid_(Scott_Washington)	Eddie_Brock	1
Hybrid_(Scott_Washington)	Guardsman_(character)	2
Hybrid_(Scott_Washington)	Spider-Man	2
Hybrid_(Scott_Washington)	Vance_Astrovik	1
Hybrid_(Scott_Washington)	Venom_(character)	3
Hyperion_(character)	Blue_Marvel	1
Hyperion_(character)	Doctor_Spectrum	1
Hyperion_(character)	Gwenpool	1
Hyperion_(character)	Luke_Cage	1
Hyperion_(character)	Makkari_(character)	1
Hyperion_(character)	Quasar_(character)	2
Ikaris	Doctor_Strange	1
Ikaris	Makkari_(character)	1
Ikaris	Thena	1
Inferno_(Dante_Pertuz)	Black_Bolt	3
Inferno_(Dante_Pertuz)	Gorgon_(Inhuman)	2
Inferno_(Dante_Pertuz)	Karnak_(character)	1
Iron_Fist_(character)	Black_Panther_(character)	3
Iron_Fist_(character)	Cloak_and_Dagger_(characters)	1
Iron_Fist_(character)	Crane_Mother	1
Iron_Fist_(character)	Doctor_Strange	1
Iron_Fist_(character)	Ghost_Rider	2
Iron_Fist_(character)	Jessica_Jones	1
Iron_Fist_(character)	Lei_Kung_(character)	1
Iron_Fist_(character)	Luke_Cage	4
Iron_Fist_(character)	Misty_Knight	4
Iron_Fist_(character)	Moon_Knight	1
Iron_Fist_(character)	Phoenix_Force	2
Iron_Fist_(character)	Power_Man_(Victor_Alvarez)	3
Iron_Fist_(character)	Shang-Chi	2
Iron_Fist_(character)	Star_Brand	1
Iron_Fist_(character)	Union_Jack_(Marvel_Comics)	1
Iron_Fist_(character)	Wolverine_(character)	1
Iron_Lad	Hulkling	1
Iron_Lad	Kristoff_Vernard	1
Iron_Lad	Scarlet_Witch	1
Iron_Lad	Wolverine_(character)	1
Iron_Man_(Ultimate_Marvel_character)	Black_Widow_(Natasha_Romanova)	1
Iron_Man_(Ultimate_Marvel_character)	Hulk	1
Iron_Man_(Ultimate_Marvel_character)	Spider-Man	1
Iron_Man_(Ultimate_Marvel_character)	War_Machine	2
Iron_Man_(Ultimate_Marvel_character)	Wolverine_(Ultimate_Marvel_character)	1
Iron_Man_2020	Machine_Man	4
Iron_Man_2020	Spider-Man	1
Iron_Man_2020	War_Machine	1
Isaiah_Bradley	Bill_Foster_(character)	1
Isaiah_Bradley	Black_Panther_(character)	1
Isaiah_Bradley	Delroy_Garrett	1
Isaiah_Bradley	Hulk	1
Isaiah_Bradley	Luke_Cage	1
Isaiah_Bradley	Storm_(Marvel_Comics)	1
Isaiah_Bradley	Wolverine_(character)	1
Jack_Frost_(Marvel_Comics)	Blue_Diamond_(character)	1
Jack_Frost_(Marvel_Comics)	Human_Torch_(android)	2
Jack_Frost_(Marvel_Comics)	Jeffrey_Mace	1
Jack_Frost_(Marvel_Comics)	Red_Raven_(Marvel_Comics)	1
Jack_Frost_(Marvel_Comics)	Scarlet_Witch	1
Jack_Frost_(Marvel_Comics)	Thin_Man_(character)	1
Jack_Frost_(Marvel_Comics)	Whizzer_(Robert_Frank)	2
Jack_Monroe_(character)	Bucky_(Marvel_Comics)	2
Jack_Monroe_(character)	Hank_Pym	1
Jack_Monroe_(character)	Nomad_(Marvel_Comics)	2
Jack_Monroe_(character)	William_Burnside_(character)	3
Janice_Lincoln	Black_Widow_(Natasha_Romanova)	1
Janice_Lincoln	Iron_Fist_(character)	1
Janice_Lincoln	Luke_Cage	1
Janice_Lincoln	Spider-Man	2
Jean_Grey	Betsy_Braddock	5
Jean_Grey	Cable_(character)	3
Jean_Grey	Cyclops_(Marvel_Comics)	4
Jean_Grey	Emma_Frost	2
Jean_Grey	Gladiator_(Kallark)	1
Jean_Grey	Jean_Grey_(X-Men_film_series)	1
Jean_Grey	Phoenix_Force	10
Jean_Grey	Rachel_Summers	5
Jean_Grey	Storm_(Marvel_Comics)	3
Jean_Grey	Wolverine_(Ultimate_Marvel_character)	1
Jean_Grey	Wolverine_(character)	2
Jean_Grey	Xorn	2
Jean_Grey_(X-Men_film_series)	Cyclops_(Marvel_Comics)	1
Jean_Grey_(X-Men_film_series)	Jean_Grey	2
Jean_Grey_(X-Men_film_series)	Jubilee_(character)	1
Jean_Grey_(X-Men_film_series)	Leech_(character)	1
Jean_Grey_(X-Men_film_series)	Phoenix_Force	1
Jeffrey_Mace	Human_Torch_(android)	3
Jericho_Drumm	Black_Cat_(Marvel_Comics)	1
Jericho_Drumm	Doctor_Strange	10
Jericho_Drumm	Gargoyle_(comics)	1
Jericho_Drumm	Ghost_Rider	1
Jericho_Drumm	Satana_(Marvel_Comics)	1
Jericho_Drumm	Scarlet_Witch	1
Jericho_Drumm	Werewolf_by_Night	1
Jessica_Jones	Blue_Marvel	1
Jessica_Jones	Cloak_and_Dagger_(characters)	1
Jessica_Jones	Doctor_Strange	1
Jessica_Jones	Iron_Fist_(character)	1
Jessica_Jones	Janice_Lincoln	1
Jessica_Jones	Jean_Grey	2
Jessica_Jones	Luke_Cage	4
Jessica_Jones	Misty_Knight	1
Jessica_Jones	Scarlet_Witch	2
Jessica_Jones	She-Hulk	1
Jessica_Jones	Spider-Girl	1
Jessica_Jones	Spider-Man	4
Jessica_Jones	Spider-Woman_(Jessica_Drew)	3
Jessica_Jones	Wolverine_(character)	1
John_Jameson_(character)	Hulk	1
John_Jameson_(character)	Human_Torch	1
John_Jameson_(character)	Patsy_Walker	1
John_Jameson_(character)	She-Hulk	4
John_Jameson_(character)	Spider-Man	4
John_Jameson_(character)	Spider-Woman_(Gwen_Stacy)	1
John_Jameson_(character)	Star_Brand	1
Jubilee_(character)	Betsy_Braddock	2
Jubilee_(character)	Cable_(character)	1
Jubilee_(character)	Cyclops_(Marvel_Comics)	2
Jubilee_(character)	Doctor_Nemesis	1
Jubilee_(character)	Emma_Frost	1
Jubilee_(character)	Jean_Grey	1
Jubilee_(character)	Patsy_Walker	1
Jubilee_(character)	Scarlet_Witch	1
Jubilee_(character)	Storm_(Marvel_Comics)	1
Jubilee_(character)	Wolverine_(character)	4
Junior_Juniper	Jean_Grey	1
Junior_Juniper	Wolverine_(character)	1
Justice_(New_Universe)	Hulk_2099	1
Justice_(New_Universe)	Nightmask	2
Justice_(New_Universe)	Quasar_(character)	1
Justice_(New_Universe)	Star_Brand	1
Justice_(New_Universe)	Starr_the_Slayer	1
Karnak_(character)	Black_Bolt	2
Karnak_(character)	Black_Panther_(character)	1
Karnak_(character)	Gorgon_(Inhuman)	1
Karnak_(character)	Hulk	1
Karnak_(character)	Human_Torch	1
Karnak_(character)	Jean_Grey	1
Karnak_(character)	Moon_Knight	1
Kid_Colt	Black_Panther_(character)	1
Kid_Colt	Two-Gun_Kid	1
Killpower	Hulk	1
Killpower	Motormouth_(comics)	3
Killraven	Black_Panther_(character)	1
Killraven	Franklin_Richards_(character)	1
Killraven	Ravage_2099	1
Killraven	Shang-Chi	1
Killraven	Spider-Man	2
Kismet_(Marvel_Comics)	Adam_Warlock	1
Kismet_(Marvel_Comics)	Captain_Marvel_(Marvel_Comics)	1
Kismet_(Marvel_Comics)	Hercules_(Marvel_Comics)	1
Kismet_(Marvel_Comics)	Hulk	1
Kismet_(Marvel_Comics)	Hyperion_(character)	1
Kismet_(Marvel_Comics)	Moondragon	1
Kismet_(Marvel_Comics)	Quasar_(character)	2
Kismet_(Marvel_Comics)	Star_Brand	1
Kismet_(Marvel_Comics)	Starhawk_(character)	1
Korvus	Nova_(Richard_Rider)	1
Korvus	Phoenix_Force	1
Korvus	Rachel_Summers	1
Korvus	Vulcan_(Marvel_Comics)	1
Kristoff_Vernard	Franklin_Richards_(character)	2
Kristoff_Vernard	Human_Torch	1
Kristoff_Vernard	She-Hulk	2
Kristoff_Vernard	Spider-Man	1
Leech_(character)	Emma_Frost	1
Leech_(character)	Franklin_Richards_(character)	2
Leech_(character)	Man-Thing	1
Leech_(character)	Shatterstar	1
Lei_Kung_(character)	Cyclops_(Marvel_Comics)	1
Lei_Kung_(character)	Iron_Fist_(character)	3
Lei_Kung_(character)	Phoenix_Force	1
Living_Lightning	Flatman_(character)	2
Living_Lightning	Hulk	1
Living_Lightning	Human_Torch	1
Living_Lightning	Quasar_(character)	1
Living_Lightning	Scarlet_Spider	1
Luke_Cage	Bill_Foster_(character)	1
Luke_Cage	Black_Panther_(character)	3
Luke_Cage	Blade_(character)	2
Luke_Cage	Iron_Fist_(character)	5
Luke_Cage	Jericho_Drumm	2
Luke_Cage	Jessica_Jones	5
Luke_Cage	Misty_Knight	3
Luke_Cage	Spider-Man	1
Luke_Cage	Storm_(Marvel_Comics)	2
Machine_Man	Arabian_Knight_(character)	1
Machine_Man	Black_Bolt	1
Machine_Man	Cable_(character)	1
Machine_Man	Deathlok	1
Machine_Man	Elsa_Bloodstone	1
Machine_Man	Ghost_Rider_(Danny_Ketch)	1
Machine_Man	Hulk	1
Machine_Man	Iron_Man_2020	1
Machine_Man	Morbius	1
Machine_Man	Ms._Marvel	1
Machine_Man	Spider-Man	1
Machine_Man	Vance_Astrovik	1
Magician_(Marvel_Comics)	Hank_Pym	1
Magician_(Marvel_Comics)	Jean_Grey	1
Magician_(Marvel_Comics)	Wolverine_(Ultimate_Marvel_character)	1
Mahr_Vehl	Genis-Vell	1
Makkari_(character)	Quasar_(character)	4
Man-Thing	Blade_(character)	1
Man-Thing	Doctor_Strange	2
Man-Thing	Fin_Fang_Foom	1
Man-Thing	Hank_Pym	1
Man-Thing	Hit-Monkey	1
Man-Thing	Jericho_Drumm	1
Man-Thing	Mockingbird_(Marvel_Comics)	2
Man-Thing	Morbius	1
Man-Thing	Satana_(Marvel_Comics)	1
Man-Thing	She-Hulk	1
Man-Thing	Spider-Man	1
Man-Thing	Werewolf_by_Night	1
Mania_(character)	Black_Cat_(Marvel_Comics)	1
Mania_(character)	Doctor_Strange	1
Mania_(character)	Eddie_Brock	1
Mania_(character)	Human_Torch	1
Mania_(character)	Spider-Man	2
Mania_(character)	Venom_(character)	5
Mania_(character)	Wolverine_(character)	1
Mark_Hazzard:_Merc	Nightmask	1
Marvel_Boy_(Robert_Grayson)	Black_Knight_(Marvel_Comics)	1
Marvel_Boy_(Robert_Grayson)	Quasar_(character)	1
Mayday_Parker	Anya_Corazon	1
Mayday_Parker	Black_Cat_(Marvel_Comics)	1
Mayday_Parker	Darkdevil	1
Mayday_Parker	Phil_Urich	1
Mayday_Parker	Scarlet_Spider	2
Mayday_Parker	Silk_(character)	1
Mayday_Parker	Spider-Girl	4
Mayday_Parker	Spider-Man	3
Mayday_Parker	Spider-Man_Noir	1
Mayday_Parker	Spider-UK	1
Mayday_Parker	Spider-Woman	1
Mayday_Parker	Spider-Woman_(Jessica_Drew)	2
Mayday_Parker	Venom_(character)	4
Mayday_Parker	Wolverine_(character)	1
Misty_Knight	Bill_Foster_(character)	1
Misty_Knight	Black_Cat_(Marvel_Comics)	1
Misty_Knight	Black_Panther_(character)	1
Misty_Knight	Blade_(character)	1
Misty_Knight	Iron_Fist_(character)	4
Misty_Knight	Jean_Grey	1
Misty_Knight	Luke_Cage	4
Misty_Knight	Paladin_(comics)	1
Misty_Knight	Phoenix_Force	1
Misty_Knight	Shang-Chi	1
Misty_Knight	Spider-Man	2
Misty_Knight	Tarantula_(Marvel_Comics)	1
Misty_Knight	Wolverine_(character)	1
Mockingbird_(Marvel_Comics)	Black_Widow_(Natasha_Romanova)	1
Mockingbird_(Marvel_Comics)	Deathlok	1
Mockingbird_(Marvel_Comics)	Doctor_Strange	1
Mockingbird_(Marvel_Comics)	Man-Thing	1
Mockingbird_(Marvel_Comics)	Moon_Knight	1
Mockingbird_(Marvel_Comics)	Patsy_Walker	2
Mockingbird_(Marvel_Comics)	Quicksilver_(Marvel_Comics)	1
Mockingbird_(Marvel_Comics)	Ronin_(Marvel_Comics)	1
Mockingbird_(Marvel_Comics)	Spider-Man	4
Mockingbird_(Marvel_Comics)	Spider-Woman	1
Mockingbird_(Marvel_Comics)	War_Machine	1
Moon_Knight	Adam_Warlock	1
Moon_Knight	Blade_(character)	1
Moon_Knight	Deadpool	2
Moon_Knight	Doctor_Strange	2
Moon_Knight	Ghost_Rider	1
Moon_Knight	Iron_Fist_(character)	1
Moon_Knight	Luke_Cage	1
Moon_Knight	Paladin_(comics)	1
Moon_Knight	Phoenix_Force	2
Moon_Knight	Shang-Chi	1
Moon_Knight	Spider-Man	2
Moon_Knight	Star_Brand	1
Moon_Knight	Werewolf_by_Night	4
Moon_Knight	Wolverine_(character)	1
Moondragon	Adam_Warlock	1
Moondragon	Black_Bolt	1
Moondragon	Doctor_Strange	1
Moondragon	Genis-Vell	1
Moondragon	Patsy_Walker	1
Moondragon	Phyla-Vell	1
Moondragon	Quasar_(character)	1
Moonglow_(comics)	Doctor_Strange	1
Morbius	Black_Cat_(Marvel_Comics)	2
Morbius	Blade_(character)	5
Morbius	Deathlok	1
Morbius	Doctor_Strange	2
Morbius	Eddie_Brock	1
Morbius	Ghost_Rider_(Johnny_Blaze)	1
Morbius	Human_Torch	1
Morbius	Jericho_Drumm	1
Morbius	John_Jameson_(character)	1
Morbius	Man-Thing	1
Morbius	Misty_Knight	1
Morbius	Outlaw_(Marvel_Comics)	1
Morbius	She-Hulk	1
Morbius	Spider-Man	3
Morbius	Werewolf_by_Night	2
Morbius	Wolverine_(character)	1
Motormouth_(comics)	Doctor_Strange	1
Motormouth_(comics)	Hulk	1
Motormouth_(comics)	Killpower	4
Motormouth_(comics)	Peggy_Carter	1
Ms._Marvel	Captain_Marvel_(Marvel_Comics)	2
NFL_SuperPro	Spider-Man	1
Nightmask	Captain_Universe	1
Nightmask	Star_Brand	1
Nightmask	Starr_the_Slayer	1
Nightwatch_(character)	Doctor_Druid	1
Nightwatch_(character)	She-Hulk	3
Nightwatch_(character)	Spider-Man	1
Noh-Varr	Ares_(Marvel_Comics)	1
Noh-Varr	Black_Bolt	1
Noh-Varr	Captain_Marvel_(Khn'nr)	1
Noh-Varr	Captain_Marvel_(Marvel_Comics)	3
Noh-Varr	Doctor_Strange	1
Noh-Varr	Hercules_(Marvel_Comics)	1
Noh-Varr	Hulk	1
Noh-Varr	Hulkling	1
Noh-Varr	Moondragon	1
Noh-Varr	Ms._Marvel	3
Noh-Varr	Nova_(Richard_Rider)	2
Noh-Varr	Phyla-Vell	1
Noh-Varr	Rocket_Raccoon	1
Noh-Varr	Scarlet_Witch	1
Noh-Varr	Spider-Man	1
Noh-Varr	Spider-Woman_(Jessica_Drew)	1
Noh-Varr	Star-Lord	1
Noh-Varr	Wolverine_(character)	1
Nomad_(Marvel_Comics)	Bucky_(Marvel_Comics)	3
Nomad_(Marvel_Comics)	Jack_Monroe_(character)	1
Nomad_(Marvel_Comics)	Rikki_Barnes	2
Nomad_(Marvel_Comics)	William_Burnside_(character)	1
Northstar_(character)	Anole_(character)	2
Northstar_(character)	Cable_(character)	1
Northstar_(character)	Cyclops_(Marvel_Comics)	2
Northstar_(character)	Emma_Frost	2
Northstar_(character)	Guardian_(Marvel_Comics)	2
Northstar_(character)	Hercules_(Marvel_Comics)	1
Northstar_(character)	Hulk	2
Northstar_(character)	Jean_Grey	1
Northstar_(character)	Puck_(Marvel_Comics)	1
Northstar_(character)	Scarlet_Witch	1
Northstar_(character)	Storm_(Marvel_Comics)	1
Northstar_(character)	Surge_(Marvel_Comics)	1
Northstar_(character)	Vindicator_(comics)	1
Northstar_(character)	Wolverine_(character)	4
Nova_(Richard_Rider)	Blade_(character)	1
Nova_(Richard_Rider)	Cable_(character)	1
Nova_(Richard_Rider)	Darkhawk	1
Nova_(Richard_Rider)	Mayday_Parker	2
Nova_(Richard_Rider)	Ms._Marvel	2
Nova_(Richard_Rider)	Powerhouse_(Marvel_Comics)	1
Nova_(Richard_Rider)	Quasar_(character)	2
Nova_(Richard_Rider)	Robbie_Baldwin	1
Nova_(Richard_Rider)	Rom_the_Space_Knight	3
Nova_(Richard_Rider)	Spider-Man	4
Nova_(Richard_Rider)	Star-Lord	2
Outlaw_(Marvel_Comics)	Agent_X_(Marvel_Comics)	5
Outlaw_(Marvel_Comics)	Cyclops_(Marvel_Comics)	1
Outlaw_(Marvel_Comics)	Deadpool	1
Outlaw_(Marvel_Comics)	Empath_(character)	1
Outlaw_(Marvel_Comics)	Shatterstar	1
Oya_(comics)	Cyclops_(Marvel_Comics)	3
Oya_(comics)	Storm_(Marvel_Comics)	1
Oya_(comics)	Wolverine_(character)	1
Paladin_(comics)	Eddie_Brock	1
Paladin_(comics)	Hank_Pym	1
Paladin_(comics)	Jubilee_(character)	1
Paladin_(comics)	Misty_Knight	2
Paladin_(comics)	Moon_Knight	1
Paladin_(comics)	Shang-Chi	1
Paladin_(comics)	Solo_(Marvel_Comics)	1
Paladin_(comics)	Spider-Man	1
Paladin_(comics)	Spider-Woman_(Jessica_Drew)	1
Paladin_(comics)	Tarantula_(Marvel_Comics)	1
Patsy_Walker	Black_Cat_(Marvel_Comics)	2
Patsy_Walker	Doctor_Strange	2
Patsy_Walker	Hank_Pym	1
Patsy_Walker	Jessica_Jones	1
Patsy_Walker	Jubilee_(character)	1
Patsy_Walker	Kristoff_Vernard	1
Patsy_Walker	Mockingbird_(Marvel_Comics)	1
Patsy_Walker	Moondragon	1
Patsy_Walker	Scarlet_Witch	1
Patsy_Walker	She-Hulk	2
Phil_Urich	Darkhawk	1
Phil_Urich	Mayday_Parker	1
Phil_Urich	Turbo_(comics)	1
Phoenix_Force	Cyclops_(Marvel_Comics)	3
Phoenix_Force	Devil_Dinosaur	1
Phoenix_Force	Emma_Frost	3
Phoenix_Force	Hank_Pym	1
Phoenix_Force	Hyperion_(character)	1
Phoenix_Force	Jean_Grey	6
Phoenix_Force	Korvus	2
Phoenix_Force	Lei_Kung_(character)	1
Phoenix_Force	Luke_Cage	1
Phoenix_Force	Man-Thing	1
Phoenix_Force	Moon_Knight	1
Phoenix_Force	Rachel_Summers	2
Phoenix_Force	Scarlet_Witch	1
Phoenix_Force	Shang-Chi	1
Phoenix_Force	Spider-Man	2
Phoenix_Force	Vulcan_(Marvel_Comics)	1
Phoenix_Force	Wolverine_(character)	1
Phyla-Vell	Adam_Warlock	3
Phyla-Vell	Cammi_(character)	1
Phyla-Vell	Captain_Marvel_(Marvel_Comics)	3
Phyla-Vell	Genis-Vell	3
Phyla-Vell	Moondragon	2
Phyla-Vell	Nova_(Richard_Rider)	1
Phyla-Vell	Quasar_(character)	8
Phyla-Vell	Star-Lord	1
Power_Man_(Victor_Alvarez)	Anya_Corazon	1
Power_Man_(Victor_Alvarez)	Hulk	1
Power_Man_(Victor_Alvarez)	Iron_Fist_(character)	3
Power_Man_(Victor_Alvarez)	Luke_Cage	1
Powerhouse_(Marvel_Comics)	Nova_(Richard_Rider)	3
Powerhouse_(Marvel_Comics)	Rom_the_Space_Knight	1
Powerhouse_(Marvel_Comics)	Spider-Man	1
Powerhouse_(Marvel_Comics)	Wolverine_(character)	1
Puck_(Marvel_Comics)	Adam_Warlock	1
Puck_(Marvel_Comics)	Betsy_Braddock	1
Puck_(Marvel_Comics)	Guardian_(Marvel_Comics)	1
Puck_(Marvel_Comics)	Hulk	1
Puck_(Marvel_Comics)	Spider-Man	1
Puck_(Marvel_Comics)	Storm_(Marvel_Comics)	1
Puck_(Marvel_Comics)	Vindicator_(comics)	1
Puck_(Marvel_Comics)	Wolverine_(character)	2
Quasar_(character)	Marvel_Boy_(Robert_Grayson)	1
Quasar_(character)	Nova_(Richard_Rider)	3
Quasar_(character)	Phyla-Vell	2
Quicksilver_(Marvel_Comics)	Black_Bolt	1
Quicksilver_(Marvel_Comics)	Franklin_Richards_(character)	1
Quicksilver_(Marvel_Comics)	Gorgon_(Inhuman)	1
Quicksilver_(Marvel_Comics)	Hank_Pym	1
Quicksilver_(Marvel_Comics)	Human_Torch	1
Quicksilver_(Marvel_Comics)	Mockingbird_(Marvel_Comics)	1
Quicksilver_(Marvel_Comics)	Northstar_(character)	1
Quicksilver_(Marvel_Comics)	Scarlet_Witch	5
Quicksilver_(Marvel_Comics)	Synapse_(character)	2
Quicksilver_(Marvel_Comics)	Whizzer_(Robert_Frank)	1
Rachel_Summers	Betsy_Braddock	6
Rachel_Summers	Cable_(character)	5
Rachel_Summers	Ch'od	1
Rachel_Summers	Cyclops_(Marvel_Comics)	3
Rachel_Summers	Deadpool	1
Rachel_Summers	Emma_Frost	2
Rachel_Summers	Franklin_Richards_(character)	2
Rachel_Summers	Gladiator_(Kallark)	2
Rachel_Summers	Jean_Grey	3
Rachel_Summers	Jubilee_(character)	1
Rachel_Summers	Korvus	1
Rachel_Summers	Northstar_(character)	1
Rachel_Summers	Phoenix_Force	6
Rachel_Summers	Raza_Longknife	1
Rachel_Summers	Spider-Girl	1
Rachel_Summers	Spider-Man	1
Rachel_Summers	Storm_(Marvel_Comics)	1
Rachel_Summers	Vulcan_(Marvel_Comics)	2
Rachel_Summers	Wolverine_(character)	1
Radian_(Morituri)	Blackthorn_(character)	1
Radian_(Morituri)	Scaredycat	1
Radian_(Morituri)	Shear_(character)	1
Radian_(Morituri)	Snapdragon_(Morituri)	1
Radian_(Morituri)	Toxyn	1
Radian_(Morituri)	Vyking	1
Radioactive_Man_(comics)	Black_Knight_(Marvel_Comics)	1
Radioactive_Man_(comics)	Black_Panther_(character)	4
Radioactive_Man_(comics)	Eddie_Brock	1
Radioactive_Man_(comics)	Franklin_Richards_(character)	1
Radioactive_Man_(comics)	Hank_Pym	2
Radioactive_Man_(comics)	Moon_Knight	1
Radioactive_Man_(comics)	Shuri_(character)	1
Radioactive_Man_(comics)	Spider-Man	1
Ravage_2099	Doom_2099	2
Ravage_2099	Spider-Man	1
Raza_Longknife	Ch'od	1
Raza_Longknife	Hercules_(Marvel_Comics)	1
Raza_Longknife	Nova_(Richard_Rider)	1
Raza_Longknife	Rachel_Summers	1
Raza_Longknife	Vulcan_(Marvel_Comics)	1
Red_Guardian	Black_Widow_(Natasha_Romanova)	1
Red_Guardian	Hulk	2
Red_Guardian	Jeffrey_Mace	1
Red_Guardian	Mockingbird_(Marvel_Comics)	1
Red_Guardian	Ronin_(Marvel_Comics)	2
Red_Raven_(Marvel_Comics)	Black_Bolt	1
Red_Raven_(Marvel_Comics)	Nova_(Richard_Rider)	2
Red_Raven_(Marvel_Comics)	Two-Gun_Kid	1
Red_Wolf_(comics)	Delroy_Garrett	1
Red_Wolf_(comics)	Doctor_Strange	1
Red_Wolf_(comics)	Firebird_(Marvel_Comics)	1
Red_Wolf_(comics)	Hercules_(Marvel_Comics)	1
Red_Wolf_(comics)	Hulk	1
Red_Wolf_(comics)	Kid_Colt	1
Red_Wolf_(comics)	Scarlet_Spider	1
Red_Wolf_(comics)	Two-Gun_Kid	1
Red_Wolf_(comics)	War_Machine	1
Redneck_(comics)	Turbo_(comics)	2
Ricochet_(comics)	Black_Marvel	1
Ricochet_(comics)	Hornet_(comics)	1
Ricochet_(comics)	Spider-Man	2
Ricochet_(comics)	Wolverine_(character)	1
Rikki_Barnes	Anya_Corazon	1
Rikki_Barnes	Bucky_(Marvel_Comics)	1
Rikki_Barnes	Franklin_Richards_(character)	1
Rikki_Barnes	Nomad_(Marvel_Comics)	3
Rikki_Barnes	Peggy_Carter	1
Rikki_Barnes	Toro_(character)	1
Robbie_Baldwin	Anya_Corazon	1
Robbie_Baldwin	Cloak_and_Dagger_(characters)	1
Robbie_Baldwin	Darkhawk	1
Robbie_Baldwin	Hank_Pym	1
Robbie_Baldwin	Hulk	3
Robbie_Baldwin	Nova_(Richard_Rider)	1
Robbie_Baldwin	Radioactive_Man_(comics)	1
Robbie_Baldwin	Spider-Girl	1
Robbie_Baldwin	Spider-Man	1
Robbie_Baldwin	Steel_Spider	1
Robbie_Baldwin	Timeslip_(comics)	1
Robbie_Baldwin	Vance_Astrovik	1
Robbie_Baldwin	Wolverine_(character)	1
Rocket_Raccoon	Ch'od	1
Rocket_Raccoon	Hercules_(Marvel_Comics)	1
Rocket_Raccoon	Hulk	1
Rocket_Raccoon	Quasar_(character)	2
Rocket_Raccoon	Scarlet_Witch	1
Rocket_Raccoon	She-Hulk	1
Rocket_Raccoon	Star-Lord	3
Rocket_Raccoon	Vulcan_(Marvel_Comics)	1
Rockman_(character)	Black_Widow_(Natasha_Romanova)	1
Rockman_(character)	The_Witness_(character)	1
Rockslide_(character)	Anole_(character)	1
Rockslide_(character)	Emma_Frost	1
Rockslide_(character)	Hellion_(character)	2
Rockslide_(character)	Hulk	1
Rockslide_(character)	Phoenix_Force	1
Rockslide_(character)	Scarlet_Witch	1
Rom_the_Space_Knight	Captain_Marvel_(Marvel_Comics)	1
Rom_the_Space_Knight	Genis-Vell	2
Rom_the_Space_Knight	Hulk	1
Rom_the_Space_Knight	Iron_Fist_(character)	1
Rom_the_Space_Knight	Luke_Cage	1
Rom_the_Space_Knight	Nova_(Richard_Rider)	1
Rom_the_Space_Knight	Storm_(Marvel_Comics)	1
Rom_the_Space_Knight	Wolverine_(character)	1
Ronin_(Marvel_Comics)	Black_Panther_(character)	1
Ronin_(Marvel_Comics)	Blade_(character)	3
Ronin_(Marvel_Comics)	Moon_Knight	1
Ronin_(Marvel_Comics)	Red_Guardian	3
Ronin_(Marvel_Comics)	Spider-Man	1
Ruby_Summers	Cyclops_(Marvel_Comics)	1
Ruby_Summers	Emma_Frost	1
Rusty_Collins	Cable_(character)	3
Rusty_Collins	Cyclops_(Marvel_Comics)	1
Rusty_Collins	Leech_(character)	1
Sabra_(character)	Arabian_Knight_(character)	3
Sabra_(character)	Black_Panther_(character)	1
Sabra_(character)	Cloak_and_Dagger_(characters)	1
Sabra_(character)	Hulk	3
Sabra_(character)	Red_Guardian	1
Sabra_(character)	She-Hulk	1
Sabra_(character)	Spider-Man	1
Sabra_(character)	Union_Jack_(Joseph_Chapman)	1
Sabra_(character)	Vance_Astrovik	1
Satana_(Marvel_Comics)	Black_Cat_(Marvel_Comics)	1
Satana_(Marvel_Comics)	Deadpool	1
Satana_(Marvel_Comics)	Doctor_Druid	1
Satana_(Marvel_Comics)	Doctor_Strange	2
Satana_(Marvel_Comics)	Ghost_Rider	1
Satana_(Marvel_Comics)	Man-Thing	1
Satana_(Marvel_Comics)	Spider-Man	2
Scaredycat	Radian_(Morituri)	1
Scaredycat	Scatterbrain_(Morituri)	1
Scaredycat	Toxyn	1
Scarlet_Scarab	Human_Torch_(android)	1
Scarlet_Scarab	Moon_Knight	2
Scarlet_Spider	Black_Cat_(Marvel_Comics)	2
Scarlet_Spider	Mayday_Parker	1
Scarlet_Spider	Spider-Man	2
Scarlet_Witch	Cyclops_(Marvel_Comics)	1
Scarlet_Witch	Doctor_Strange	2
Scarlet_Witch	Franklin_Richards_(character)	1
Scarlet_Witch	Human_Torch_(android)	1
Scarlet_Witch	Jericho_Drumm	1
Scarlet_Witch	Ms._Marvel	1
Scarlet_Witch	Phoenix_Force	1
Scarlet_Witch	Quicksilver_(Marvel_Comics)	2
Scarlet_Witch	She-Hulk	1
Scarlet_Witch	Speed_(character)	3
Scarlet_Witch	Spider-Man	1
Scarlet_Witch	Spider-Woman_(Jessica_Drew)	1
Scarlet_Witch	Whizzer_(Robert_Frank)	3
Scarlet_Witch	Wolverine_(character)	1
Scatterbrain_(Morituri)	Scaredycat	2
Scatterbrain_(Morituri)	Toxyn	1
Scorpio_(Marvel_Comics)	Spider-Man	1
Scorpio_(Marvel_Comics)	Wolverine_(character)	1
Sentry_(Robert_Reynolds)	Ares_(Marvel_Comics)	1
Sentry_(Robert_Reynolds)	Doctor_Strange	1
Sentry_(Robert_Reynolds)	Emma_Frost	1
Sentry_(Robert_Reynolds)	Hulk	2
Sentry_(Robert_Reynolds)	Misty_Knight	1
Sentry_(Robert_Reynolds)	Spider-Man	2
Shamrock_(comics)	Arabian_Knight_(character)	1
Shamrock_(comics)	Black_Panther_(character)	1
Shamrock_(comics)	Deadpool	1
Shamrock_(comics)	Doctor_Druid	1
Shamrock_(comics)	Iron_Fist_(character)	1
Shamrock_(comics)	Rom_the_Space_Knight	1
Shamrock_(comics)	Sabra_(character)	1
Shamrock_(comics)	Storm_(Marvel_Comics)	1
Shang-Chi	Ares_(Marvel_Comics)	1
Shang-Chi	Black_Jack_Tarr	5
Shang-Chi	Black_Panther_(character)	1
Shang-Chi	Doctor_Strange	1
Shang-Chi	Hank_Pym	1
Shang-Chi	Iron_Fist_(character)	4
Shang-Chi	Misty_Knight	1
Shang-Chi	Moon_Knight	1
Shang-Chi	Silk_(character)	1
Shang-Chi	Spider-Man	2
Shang-Chi	Tarantula_(Marvel_Comics)	1
Shatterstar	Cable_(character)	1
Shatterstar	Hrimhari	1
Shatterstar	Rachel_Summers	1
She-Hulk	Abomination_(character)	2
She-Hulk	Deadpool	2
She-Hulk	Doctor_Strange	1
She-Hulk	Frankenstein's_Monster_(Marvel_Comics)	1
She-Hulk	Gwenpool	1
She-Hulk	Hercules_(Marvel_Comics)	3
She-Hulk	Hulk	4
She-Hulk	John_Jameson_(character)	1
She-Hulk	Luke_Cage	2
She-Hulk	Man-Thing	2
She-Hulk	Morbius	1
She-Hulk	Ms._Marvel	1
She-Hulk	Patsy_Walker	2
She-Hulk	Ravage_2099	1
She-Hulk	Robbie_Baldwin	1
She-Hulk	Scarlet_Witch	2
She-Hulk	She-Hulk_(Lyra)	4
She-Hulk	Spider-Man	2
She-Hulk	Spider-Woman	1
She-Hulk	Wolverine_(character)	1
She-Hulk_(Lyra)	Hulk	1
She-Hulk_(Lyra)	Sentry_(Robert_Reynolds)	1
She-Hulk_(Lyra)	She-Hulk	2
She-Hulk_(Lyra)	Spider-Man	1
She-Hulk_(Lyra)	Venom_(character)	2
She-Hulk_(Lyra)	Wolverine_(character)	1
Shear_(character)	Backhand_(character)	1
Shear_(character)	Radian_(Morituri)	1
Shuri_(character)	Black_Knight_(Marvel_Comics)	1
Shuri_(character)	Black_Panther_(character)	6
Shuri_(character)	Black_Widow_(Natasha_Romanova)	1
Shuri_(character)	Hulk	1
Shuri_(character)	Luke_Cage	1
Shuri_(character)	Radioactive_Man_(comics)	1
Shuri_(character)	Spider-Man	1
Shuri_(character)	Storm_(Marvel_Comics)	1
Shuri_(character)	Wolverine_(character)	1
Silencer_(comics)	Mockingbird_(Marvel_Comics)	1
Silencer_(comics)	She-Hulk	3
Silhouette_(comics)	Luke_Cage	1
Silhouette_(comics)	Spider-Man	1
Silk_(character)	Black_Cat_(Marvel_Comics)	1
Silk_(character)	Phil_Urich	1
Silk_(character)	Spider-Man	4
Silk_(character)	Spider-Woman	3
Skull_the_Slayer	Blazing_Skull	1
Skull_the_Slayer	Doctor_Druid	1
Skull_the_Slayer	Quasar_(character)	3
Snapdragon_(Morituri)	Blackthorn_(character)	1
Snapdragon_(Morituri)	Radian_(Morituri)	1
Snapdragon_(Morituri)	Vyking	1
Solo_(Marvel_Comics)	Battlestar_(character)	1
Solo_(Marvel_Comics)	Cable_(character)	1
Solo_(Marvel_Comics)	Deadpool	1
Solo_(Marvel_Comics)	Deathlok	1
Solo_(Marvel_Comics)	G._W._Bridge	1
Solo_(Marvel_Comics)	Gauntlet_(Joseph_Green)	1
Solo_(Marvel_Comics)	Ghost_Rider_(Danny_Ketch)	1
Solo_(Marvel_Comics)	Hulk	1
Solo_(Marvel_Comics)	Nova_(Richard_Rider)	1
Solo_(Marvel_Comics)	Typeface_(character)	1
Solo_(Marvel_Comics)	War_Machine	1
Solo_(Marvel_Comics)	Wolverine_(character)	1
Solomon_Kane_(comics)	Moon_Knight	1
Speed_(character)	Doctor_Strange	1
Speed_(character)	Franklin_Richards_(character)	2
Speed_(character)	Hulkling	2
Speed_(character)	Iron_Lad	1
Speed_(character)	Quicksilver_(Marvel_Comics)	4
Speed_(character)	Scarlet_Witch	4
Spider-Bitch_(Ashley_Barton)	Captain_Universe	1
Spider-Bitch_(Ashley_Barton)	Deadpool	2
Spider-Bitch_(Ashley_Barton)	Fin_Fang_Foom	1
Spider-Bitch_(Ashley_Barton)	Hulk	1
Spider-Bitch_(Ashley_Barton)	John_Jameson_(character)	1
Spider-Bitch_(Ashley_Barton)	Mayday_Parker	1
Spider-Bitch_(Ashley_Barton)	Mockingbird_(Marvel_Comics)	1
Spider-Bitch_(Ashley_Barton)	Rocket_Raccoon	1
Spider-Bitch_(Ashley_Barton)	Spider-Man	4
Spider-Bitch_(Ashley_Barton)	Spider-Woman	1
Spider-Bitch_(Ashley_Barton)	Spider-Woman_(Gwen_Stacy)	1
Spider-Bitch_(Ashley_Barton)	Spider-Woman_(Jessica_Drew)	1
Spider-Bitch_(Ashley_Barton)	Star-Lord	4
Spider-Bitch_(Ashley_Barton)	Venom_(character)	2
Spider-Bitch_(Ashley_Barton)	Wolverine_(character)	1
Spider-Girl	Anya_Corazon	4
Spider-Girl	Black_Cat_(Marvel_Comics)	2
Spider-Girl	Cyclops_(Marvel_Comics)	1
Spider-Girl	Iron_Man_2020	1
Spider-Girl	Jessica_Jones	2
Spider-Girl	John_Jameson_(character)	1
Spider-Girl	Mayday_Parker	6
Spider-Girl	Silk_(character)	1
Spider-Girl	Spider-Bitch_(Ashley_Barton)	2
Spider-Girl	Spider-Man	4
Spider-Girl	Spider-Woman	1
Spider-Girl	Spider-Woman_(Gwen_Stacy)	1
Spider-Man	Black_Cat_(Marvel_Comics)	5
Spider-Man	Hulk	2
Spider-Man	Mayday_Parker	2
Spider-Man	Scarlet_Spider	1
Spider-Man	Silk_(character)	3
Spider-Man	Spider-Man_Noir	2
Spider-Man	Spider-UK	1
Spider-Man	Spider-Woman_(Gwen_Stacy)	2
Spider-Man	Venom_(character)	5
Spider-Man_(Marvel_Mangaverse)	Black_Cat_(Marvel_Comics)	1
Spider-Man_(Marvel_Mangaverse)	Spider-Man	1
Spider-Man_(Marvel_Mangaverse)	Venom_(character)	2
Spider-Man_Noir	Black_Cat_(Marvel_Comics)	2
Spider-Man_Noir	Black_Widow_(Natasha_Romanova)	1
Spider-Man_Noir	Shuri_(character)	1
Spider-Man_Noir	Spider-Man	4
Spider-Man_Noir	Spider-Woman_(Gwen_Stacy)	1
Spider-UK	Anya_Corazon	1
Spider-UK	Captain_Universe	1
Spider-UK	Mayday_Parker	2
Spider-UK	Silk_(character)	1
Spider-UK	Spider-Man	1
Spider-UK	Spider-Man_Noir	1
Spider-UK	Spider-Woman_(Gwen_Stacy)	1
Spider-UK	Spider-Woman_(Jessica_Drew)	1
Spider-Woman	Anne_Weying	1
Spider-Woman	Anya_Corazon	1
Spider-Woman	Black_Widow_(Natasha_Romanova)	1
Spider-Woman	Luke_Cage	1
Spider-Woman	Mayday_Parker	1
Spider-Woman	Silk_(character)	1
Spider-Woman	Spider-Bitch_(Ashley_Barton)	2
Spider-Woman	Spider-Man	1
Spider-Woman	Spider-Woman_(Gwen_Stacy)	4
Spider-Woman	Spider-Woman_(Jessica_Drew)	11
Spider-Woman	Star-Lord	1
Spider-Woman	Yelena_Belova	1
Spider-Woman_(Gwen_Stacy)	Anya_Corazon	2
Spider-Woman_(Gwen_Stacy)	Black_Cat_(Marvel_Comics)	1
Spider-Woman_(Gwen_Stacy)	Ghost_Rider	1
Spider-Woman_(Gwen_Stacy)	Gwenpool	3
Spider-Woman_(Gwen_Stacy)	Human_Torch	2
Spider-Woman_(Gwen_Stacy)	John_Jameson_(character)	1
Spider-Woman_(Gwen_Stacy)	Mayday_Parker	1
Spider-Woman_(Gwen_Stacy)	Peggy_Carter	1
Spider-Woman_(Gwen_Stacy)	Silk_(character)	4
Spider-Woman_(Gwen_Stacy)	Spider-Man	6
Spider-Woman_(Gwen_Stacy)	Spider-Man_Noir	1
Spider-Woman_(Gwen_Stacy)	Spider-Woman	5
Spider-Woman_(Gwen_Stacy)	Spider-Woman_(Jessica_Drew)	5
Spider-Woman_(Gwen_Stacy)	Venom_(character)	3
Spider-Woman_(Jessica_Drew)	Bill_Foster_(character)	1
Spider-Woman_(Jessica_Drew)	Black_Widow_(Natasha_Romanova)	1
Spider-Woman_(Jessica_Drew)	Doctor_Strange	2
Spider-Woman_(Jessica_Drew)	Hornet_(comics)	1
Spider-Woman_(Jessica_Drew)	Hulk	1
Spider-Woman_(Jessica_Drew)	Jessica_Jones	1
Spider-Woman_(Jessica_Drew)	Luke_Cage	1
Spider-Woman_(Jessica_Drew)	Silk_(character)	2
Spider-Woman_(Jessica_Drew)	Spider-Woman	2
Spider-Woman_(Jessica_Drew)	Spider-Woman_(Gwen_Stacy)	1
Spider-Woman_(Jessica_Drew)	Wolverine_(character)	1
Spitfire_(character)	Blade_(character)	1
Spitfire_(character)	Blue_Bullet	1
Spitfire_(character)	Human_Torch_(android)	3
Spitfire_(character)	Union_Jack_(Joseph_Chapman)	3
Spitfire_(character)	Union_Jack_(Marvel_Comics)	7
Star_Brand	Black_Panther_(character)	1
Star_Brand	Captain_Universe	1
Star_Brand	Deathlok	1
Star_Brand	Doctor_Spectrum	2
Star_Brand	Ghost_Rider	1
Star_Brand	Gladiator_(Kallark)	1
Star_Brand	Iron_Fist_(character)	1
Star_Brand	Nightmask	1
Star_Brand	Phoenix_Force	2
Star_Brand	Quasar_(character)	2
Star_Brand	Rocket_Raccoon	1
Star-Lord	Bug_(Marvel_Comics)	1
Star-Lord	Doctor_Strange	1
Star-Lord	Hank_Pym	1
Star-Lord	Jean_Grey	1
Star-Lord	Moondragon	1
Star-Lord	Nova_(Richard_Rider)	2
Star-Lord	Phyla-Vell	1
Star-Lord	Rocket_Raccoon	2
Star-Lord	Spider-Man	1
Star-Lord	Wolverine_(character)	1
Starhawk_(character)	Black_Bolt	1
Starhawk_(character)	Kismet_(Marvel_Comics)	1
Starhawk_(character)	Moondragon	1
Starhawk_(character)	Quasar_(character)	1
Starhawk_(character)	Star-Lord	1
Starr_the_Slayer	Justice_(New_Universe)	1
Starr_the_Slayer	Nightmask	1
Starr_the_Slayer	Star_Brand	1
Steel_Spider	Frog-Man	1
Steel_Spider	Mayday_Parker	1
Steel_Spider	Spider-Man	2
Stingray_(Marvel_Comics)	Deadpool	1
Stingray_(Marvel_Comics)	Gorgon_(Inhuman)	1
Stingray_(Marvel_Comics)	Hulk	1
Stingray_(Marvel_Comics)	Iron_Man_2020	1
Stingray_(Marvel_Comics)	Karnak_(character)	1
Stingray_(Marvel_Comics)	Quasar_(character)	2
Stingray_(Marvel_Comics)	Scarlet_Witch	1
Storm_(Marvel_Comics)	Black_Cat_(Marvel_Comics)	1
Storm_(Marvel_Comics)	Black_Panther_(character)	7
Storm_(Marvel_Comics)	Blade_(character)	1
Storm_(Marvel_Comics)	Cyclops_(Marvel_Comics)	4
Storm_(Marvel_Comics)	Doctor_Strange	1
Storm_(Marvel_Comics)	Emma_Frost	2
Storm_(Marvel_Comics)	Jean_Grey	6
Storm_(Marvel_Comics)	Jubilee_(character)	1
Storm_(Marvel_Comics)	Luke_Cage	3
Storm_(Marvel_Comics)	Misty_Knight	4
Storm_(Marvel_Comics)	Phoenix_Force	1
Storm_(Marvel_Comics)	Puck_(Marvel_Comics)	1
Storm_(Marvel_Comics)	Rachel_Summers	1
Storm_(Marvel_Comics)	Scarlet_Witch	2
Storm_(Marvel_Comics)	Spider-Man	1
Storm_(Marvel_Comics)	Wolverine_(character)	5
Straw_Man_(comics)	Doctor_Strange	1
Straw_Man_(comics)	Werewolf_by_Night	1
Surge_(Marvel_Comics)	Cyclops_(Marvel_Comics)	1
Surge_(Marvel_Comics)	Wolverine_(character)	1
Tarantula_(Marvel_Comics)	Agent_X_(Marvel_Comics)	3
Tarantula_(Marvel_Comics)	Black_Cat_(Marvel_Comics)	1
Tarantula_(Marvel_Comics)	Devil_Dinosaur	1
Tarantula_(Marvel_Comics)	Misty_Knight	1
Tarantula_(Marvel_Comics)	Mockingbird_(Marvel_Comics)	1
Tarantula_(Marvel_Comics)	Outlaw_(Marvel_Comics)	1
Tarantula_(Marvel_Comics)	Spider-Man	1
Tarantula_(Marvel_Comics)	U.S._Agent	1
Tarantula_(Marvel_Comics)	Will_o'_the_Wisp_(comics)	1
The_Union_(Marvel)	Union_Jack_(Joseph_Chapman)	2
The_Union_(Marvel)	Union_Jack_(Marvel_Comics)	1
Thena	Makkari_(character)	1
Thin_Man_(character)	Jeffrey_Mace	1
Thor_Girl	Delroy_Garrett	1
Thor_Girl	Hulk	1
Thunderbolt_(Marvel_Comics)	Iron_Fist_(character)	1
Thunderbolt_(Marvel_Comics)	Luke_Cage	1
Thunderclap_(comics)	Spider-Man	1
Timeslip_(comics)	Robbie_Baldwin	1
Timeslip_(comics)	She-Hulk	1
Toro_(character)	Bucky_(Marvel_Comics)	1
Toro_(character)	Doctor_Strange	1
Toro_(character)	Hulk	2
Toro_(character)	Human_Torch_(android)	4
Toxyn	Scaredycat	1
Toxyn	Scatterbrain_(Morituri)	1
Turbo_(comics)	Nova_(Richard_Rider)	1
Turbo_(comics)	Phil_Urich	1
Turbo_(comics)	Rom_the_Space_Knight	4
Two-Gun_Kid	Black_Rider_(character)	2
Two-Gun_Kid	Kid_Colt	2
Two-Gun_Kid	She-Hulk	2
Two-Gun_Kid	Tarantula_(Marvel_Comics)	1
Typeface_(character)	Deadpool	1
Typeface_(character)	Robbie_Baldwin	1
Typeface_(character)	Spider-Man	1
U.S._Agent	Battlestar_(character)	2
U.S._Agent	Beta_Ray_Bill	1
U.S._Agent	Blazing_Skull	2
U.S._Agent	Bucky_(Marvel_Comics)	1
U.S._Agent	Deathlok	1
U.S._Agent	Guardsman_(character)	1
U.S._Agent	Hank_Pym	1
U.S._Agent	Human_Torch_(android)	3
U.S._Agent	Misty_Knight	1
U.S._Agent	Mockingbird_(Marvel_Comics)	2
U.S._Agent	Moon_Knight	1
U.S._Agent	Paladin_(comics)	1
U.S._Agent	Scarlet_Witch	1
U.S._Agent	Shang-Chi	1
U.S._Agent	Spider-Man	1
U.S._Agent	Tarantula_(Marvel_Comics)	1
U.S._Agent	Thin_Man_(character)	1
U.S._Agent	Union_Jack_(Joseph_Chapman)	2
U.S._Agent	War_Machine	1
U.S._Agent	Wolverine_(character)	2
Ulysses_Bloodstone	She-Hulk	1
Union_Jack_(Joseph_Chapman)	Arabian_Knight_(character)	1
Union_Jack_(Joseph_Chapman)	Human_Torch_(android)	1
Union_Jack_(Joseph_Chapman)	Sabra_(character)	1
Union_Jack_(Joseph_Chapman)	Spitfire_(character)	2
Union_Jack_(Joseph_Chapman)	The_Union_(Marvel)	3
Union_Jack_(Joseph_Chapman)	Union_Jack_(Marvel_Comics)	2
Union_Jack_(Marvel_Comics)	Blazing_Skull	1
Union_Jack_(Marvel_Comics)	Human_Torch_(android)	2
Union_Jack_(Marvel_Comics)	Spitfire_(character)	3
Union_Jack_(Marvel_Comics)	The_Union_(Marvel)	2
Union_Jack_(Marvel_Comics)	Union_Jack_(Joseph_Chapman)	3
Ursa_Major_(character)	Black_Panther_(character)	1
Ursa_Major_(character)	Black_Widow_(Natasha_Romanova)	1
Ursa_Major_(character)	War_Machine	1
Ursa_Major_(character)	Wolverine_(character)	1
Vance_Astrovik	Debrii	1
Vance_Astrovik	Gauntlet_(Joseph_Green)	1
Vance_Astrovik	Guardsman_(character)	1
Vance_Astrovik	Hank_Pym	1
Vance_Astrovik	Justice_(New_Universe)	1
Vance_Astrovik	Quicksilver_(Marvel_Comics)	1
Vance_Astrovik	Robbie_Baldwin	1
Vance_Astrovik	She-Hulk	2
Venom_(character)	Anne_Weying	3
Venom_(character)	Black_Cat_(Marvel_Comics)	2
Venom_(character)	Black_Panther_(character)	1
Venom_(character)	Black_Widow_(Natasha_Romanova)	1
Venom_(character)	Deadpool	2
Venom_(character)	Doctor_Strange	1
Venom_(character)	Eddie_Brock	1
Venom_(character)	Ghost_Rider	1
Venom_(character)	Iron_Fist_(character)	3
Venom_(character)	John_Jameson_(character)	1
Venom_(character)	Luke_Cage	1
Venom_(character)	Mania_(character)	3
Venom_(character)	Mayday_Parker	2
Venom_(character)	Ms._Marvel	1
Venom_(character)	Rocket_Raccoon	1
Venom_(character)	Rom_the_Space_Knight	1
Venom_(character)	Scarlet_Spider	1
Venom_(character)	Silk_(character)	1
Venom_(character)	Spider-Man	7
Venom_(character)	Spider-Woman_(Gwen_Stacy)	1
Venom_(character)	Wolverine_(character)	2
Vindicator_(comics)	Guardian_(Marvel_Comics)	6
Vindicator_(comics)	Puck_(Marvel_Comics)	2
Vindicator_(comics)	Wolverine_(Ultimate_Marvel_character)	1
Vindicator_(comics)	Wolverine_(character)	3
Vulcan_(Marvel_Comics)	Black_Bolt	1
Vulcan_(Marvel_Comics)	Ch'od	1
Vulcan_(Marvel_Comics)	Cyclops_(Marvel_Comics)	3
Vulcan_(Marvel_Comics)	Darkhawk	1
Vulcan_(Marvel_Comics)	Gladiator_(Kallark)	1
Vulcan_(Marvel_Comics)	Korvus	1
Vulcan_(Marvel_Comics)	Rachel_Summers	3
Vulcan_(Marvel_Comics)	Raza_Longknife	1
Vyking	Backhand_(character)	1
Vyking	Snapdragon_(Morituri)	1
War_Machine	Cable_(character)	1
War_Machine	Cloak_and_Dagger_(characters)	1
War_Machine	Deathlok	2
War_Machine	Radioactive_Man_(comics)	1
Werewolf_by_Night	Blade_(character)	1
Werewolf_by_Night	Deadpool	2
Werewolf_by_Night	Doctor_Strange	1
Werewolf_by_Night	Frankenstein's_Monster_(Marvel_Comics)	1
Werewolf_by_Night	Ghost_Rider_(Johnny_Blaze)	1
Werewolf_by_Night	Hulk	1
Werewolf_by_Night	Jericho_Drumm	1
Werewolf_by_Night	John_Jameson_(character)	1
Werewolf_by_Night	Man-Thing	3
Werewolf_by_Night	Moon_Knight	5
Werewolf_by_Night	Morbius	3
Werewolf_by_Night	Spider-Man	1
Werewolf_by_Night	Spider-Woman_(Jessica_Drew)	3
White_Tiger_(Heroes_for_Hire)	Iron_Fist_(character)	1
White_Tiger_(Heroes_for_Hire)	Misty_Knight	1
White_Tiger_(Heroes_for_Hire)	White_Tiger_(comics)	1
White_Tiger_(comics)	Black_Panther_(character)	2
White_Tiger_(comics)	Iron_Fist_(character)	1
White_Tiger_(comics)	Misty_Knight	1
White_Tiger_(comics)	Spider-Man	1
White_Tiger_(comics)	White_Tiger_(Heroes_for_Hire)	1
Whizzer_(Robert_Frank)	Black_Marvel	1
Whizzer_(Robert_Frank)	Deadpool	1
Whizzer_(Robert_Frank)	Human_Torch_(android)	1
Whizzer_(Robert_Frank)	Quicksilver_(Marvel_Comics)	1
Whizzer_(Robert_Frank)	Scarlet_Witch	1
Whizzer_(Robert_Frank)	Toro_(character)	1
Wild_Child_(character)	Empath_(character)	1
Wild_Child_(character)	Guardian_(Marvel_Comics)	1
Wild_Child_(character)	Wolverine_(character)	2
Will_o'_the_Wisp_(comics)	She-Hulk	1
Will_o'_the_Wisp_(comics)	Spider-Man	2
William_Burnside_(character)	Bucky_(Marvel_Comics)	1
William_Burnside_(character)	Jack_Monroe_(character)	2
William_Burnside_(character)	Jeffrey_Mace	1
William_Burnside_(character)	Spider-Man	1
Wolverine_(Ultimate_Marvel_character)	Cable_(character)	1
Wolverine_(Ultimate_Marvel_character)	Cyclops_(Marvel_Comics)	2
Wolverine_(Ultimate_Marvel_character)	Hulk	1
Wolverine_(Ultimate_Marvel_character)	Iron_Man_(Ultimate_Marvel_character)	1
Wolverine_(Ultimate_Marvel_character)	Jean_Grey	2
Wolverine_(Ultimate_Marvel_character)	Phoenix_Force	1
Wolverine_(Ultimate_Marvel_character)	Storm_(Marvel_Comics)	2
Wolverine_(Ultimate_Marvel_character)	Wolverine_(character)	4
Wolverine_(character)	Cable_(character)	1
Wolverine_(character)	Cyclops_(Marvel_Comics)	5
Wolverine_(character)	Deadpool	1
Wolverine_(character)	Guardian_(Marvel_Comics)	1
Wolverine_(character)	Hercules_(Marvel_Comics)	1
Wolverine_(character)	Hulk	2
Wolverine_(character)	Iron_Fist_(character)	1
Wolverine_(character)	Jean_Grey	3
Wolverine_(character)	Jericho_Drumm	1
Wolverine_(character)	Jubilee_(character)	4
Wolverine_(character)	Phoenix_Force	1
Wolverine_(character)	Scarlet_Witch	1
Wolverine_(character)	Spider-Man	1
Wolverine_(character)	Storm_(Marvel_Comics)	2
Wolverine_(character)	Venom_(character)	1
Wolverine_(character)	Vindicator_(comics)	1
Wolverine_(character)	Wolverine_(Ultimate_Marvel_character)	2
Xorn	Cyclops_(Marvel_Comics)	1
Xorn	Doctor_Strange	1
Xorn	Emma_Frost	1
Xorn	Jean_Grey	2
Xorn	Scarlet_Witch	2
Xorn	Sentry_(Robert_Reynolds)	1
Xorn	Spider-Man	1
Xorn	Wolverine_(character)	1
Yelena_Belova	Black_Widow_(Natasha_Romanova)	4
Yelena_Belova	Mockingbird_(Marvel_Comics)	1
Yelena_Belova	Red_Guardian	2
Yelena_Belova	Sentry_(Robert_Reynolds)	1
Yelena_Belova	Shang-Chi	1
Yelena_Belova	U.S._Agent	1
Zombie_(comics)	Blade_(character)	1
Zombie_(comics)	Deadpool	1
Zombie_(comics)	Jericho_Drumm	1
Zombie_(comics)	Man-Thing	1
