source	target	lexicon_label	agent_label	human_label	note	evidence
Abomination_(character)	Spider-Man	foe	foe			"The process drives Blonsky insane, and he battles heroes Spider-Man and the She-Hulk, managing to knock both unconscious. || The Emil Blonsky incarnation of the Abomination appears in the Ultimate Spider-Man episode ""Contest of Champions"", voiced again by Robin Atkin Downes."
Black_Cat_(Marvel_Comics)	Mayday_Parker	family	none		family words describe Spider-Man's daughter, not Black Cat	This version is a detective who was formerly married to Flash Thompson, whose daughter Felicity Hardy (who suspects Spider-Man to be her real father, and in-turn Spider-Girl to be her half-sister) becomes the Scarlet Spider. || This version is Spider-Man's primary love interest, and the mother of their daughter Felicity Hardy / Spider-Girl, who inherited her father's spider-powers and her mother's white hair (cut short), helping the Next Avengers survive Ultron's rule along with Iron Man and Maestro after her parents' deaths, across the split timelines Earth-10943 and Earth-10071.
Hulk	Gargoyle_(comics)	foe	foe			Although many early Hulk stories involve Ross trying to capture or destroy the Hulk, the main villain is often a radiation-based character, like the Gargoyle or the Leader, along with other foes such as the Toad Men, or Asian warlord General Fang.
Moondragon	Quasar_(character)	romance	romance		unrequited pursuit	After Quasar is appointed Protector of the Universe, Moondragon insinuates herself into his life. || She is convinced that in time Quasar will realize they are eminently qualified to form the universe's most cosmic coupling. || Quasar, however, asserts that qualifications have nothing to do with feelings and rebuffs her. || In Quasar: Annihilation: Conquest, the love of Phyla and Moondragon is explored in depth. || Due to the Phalanx taking over the Kree Empire, Phyla and Heather have to find the 'savior' that is shown to Phyla (Quasar) in a vision.
Speed_(character)	Franklin_Richards_(character)	family	none		family words describe the Scarlet Witch's twins	Thomas and William were twins, with Tommy being the older of the two, Thomas and William supposedly born to Scarlet Witch and Vision; in reality, Scarlet Witch used her reality warping powers to create twin sons, unknowingly, from two of five scattered fragments of the soul of the demon Mephisto that were previously lost to him in an ill-fated encounter with the powerful mutant child Franklin Richards. || In the past, the Scarlet Witch used her reality-warping powers to create twin sons, unknowingly using two (of five) scattered fragments of the soul of the demon Mephisto that he had lost in an encounter with the powerful mutant child, Franklin Richards.
Man-Thing	She-Hulk	romance	none		love interest is Rory's, not Man-Thing's	Both Rory and this second Foolkiller, along with nurse Ruth Hart (who appeared in Man-Thing (vol. 1) #2-7) were supporting characters in Gerber's Omega the Unknown, while David Anthony Kraft made Rory a potential love interest for the She-Hulk.
Hybrid_(Scott_Washington)	Eddie_Brock	foe	foe			"Hybrid is also mentioned at the conclusion of the first issue of Carnage U.S.A. (2011), along with Venom, Anti-Venom, Toxin, and Scorn, as being the next option to stop Carnage's rampage in the Mid-west after the Avengers are defeated. || Scott is hunted down and murdered by Eddie Brock as part of a goal to eliminate the symbiotes' ""evil"" from Earth."
Rom_the_Space_Knight	Iron_Fist_(character)	none	none		co-appearance list	He encountered heroes such as the X-Men, Power Man and Iron Fist, the Fantastic Four, Nova, the Thing, and the Hulk. || Power Man and Iron Fist #73, which featured Rom, was omitted from Essential Power Man and Iron Fist vol. || Volume 1 of the Marvel Omnibus, released in January 2024, features the first 29 issues of the series as well as the previously mentioned Power Man and Iron Fist #73.
Rom_the_Space_Knight	Hulk	romance	ally		weak: a friendly handshake at a wedding	He encountered heroes such as the X-Men, Power Man and Iron Fist, the Fantastic Four, Nova, the Thing, and the Hulk. || During Rick Jones's wedding to Marlo Chandler, the human Rom returned to Earth, together with Brandy, as guests at the ceremony, and Rom greeted the Hulk with a friendly handshake. || 4, while The Incredible Hulk: Regression trade paperback features a heavily edited version of The Incredible Hulk #296, removing Rom's entire appearance in the issue.
Vance_Astrovik	Quicksilver_(Marvel_Comics)	ally	ally			"Vance becomes one of the teaching staff of ""Avengers Academy"", alongside former Avengers teammates Hank Pym, Tigra, Quicksilver, and former New Warriors teammate Speedball."
Ursa_Major_(character)	Wolverine_(character)	foe	foe			An alternate universe version of Ursa Major from Earth-6160 appears in Ultimate Wolverine #13. || This version was experimented on and brainwashed by Directorate X. After encountering Ursa Major and realizing the extent of his brainwashing, Wolverine decides to kill him.
Adam_Warlock	Devil_Dinosaur	ally	none		list of combined characters	This causes them to round up Arachknight (a combination of Spider-Man and Moon Knight), Ghost Panther (a combination of Ghost Rider and Black Panther), Green Widow (a combination of Black Widow and She-Hulk), Iron Hammer (a combination of Iron Man and Thor), Man-Thing-Thang-Thoom (a combination of Man-Thing and Fin Fang Foom), Moon Squirrel (a combination of Moon Girl and Squirrel Girl) and Tippysaurus (a combination of Tippy-Toe and Devil Dinosaur), Soldier Supreme (a combination of Captain America and Doctor Strange), Weapon Hex (a combination of Scarlet Witch and X-23), and Fantastic Two members Mister Invisible (a combination of Mister Fantastic and Invisible Woman) and Hot Rocks (a combination of Human Torch and Thing) as well as a saxophone-playing version of Drax the Destroyer.
Doctor_Nemesis	Spider-Man	foe	none		Spider-Man battles a gang with Ant-Man, not Doctor Nemesis	Ant-Man and Spider-Man battle Tete's gang until Tete injects the two with a virus to gain their cooperation. || Ant-Man and Spider-Man retrieve an antidote for the virus, but Ant-Man is left in a shrunken state.
Deadpool	Gwenpool	foe	none		Gwen controls Deadpool; no stated tie	Once Mr. Knight's assistant Gwen Poole realises what is going on, she uses his trigger word to set Deadpool against the villains instead.
Captain_Universe	Jean_Grey	none	none			"During the ""King in Black"" storyline, the Enigma Force is revealed by Jean Grey to be the ""God of Light"" of the Marvel Universe, with properties similar to those of symbiotes and counterpart of the malevolent, darkness-based deity Knull."
Elsa_Bloodstone	Iron_Fist_(character)	ally	ally			In the limited series Damnation, Wong summoned her to be a member of a new version of the Midnight Sons alongside Blade, Doctor Voodoo, Ghost Rider, Iron Fist, and Man-Thing, a superhero team focused on supernatural phenomena.
Isaiah_Bradley	Luke_Cage	romance	none		wedding of two other characters	When he arrives as a special guest at the wedding of Storm and Black Panther, several African-American heroes are awestruck, including Luke Cage, Goliath, Monica Rambeau, Triathlon, and Falcon.
Black_Cat_(Marvel_Comics)	Blade_(character)	ally	ally			Along the way, she joins forces with him, Spider-Man, and Blade to stop the Vampire Queen from creating an army of vampires. || Following this, Felicia leaves New York to work with Blade and Morbius, though she returns to help Spider-Man defeat Hydro-Man, attend Spider-Man and Watson's wedding, and help him and a group of superheroes combat a group of supervillains assembled by the Beyonder.
Spider-Woman	Anya_Corazon	none	none		heading line	Spider-Girl (Anya Corazon), previously Araña
Hyperion_(character)	Makkari_(character)	ally	ally		same team	The team encounters the hero Quasar and take up residence at Project Pegasus, where Makkari restores his sight.
Cable_(character)	Hercules_(Marvel_Comics)	none	none		co-prisoners	However, he and Hercules are later broken out by Captain America.
Red_Wolf_(comics)	Firebird_(Marvel_Comics)	ally	ally			2, #265 (Nov. 1981), writer Bill Mantlo and penciller Sal Buscema created the superhero team the Rangers, consisting of Western characters Bonita Juarez / Firebird, Victoria Starvin / Shooting Star, Drew Daniels / Texas Twister, Hamilton Slade / Phantom Rider, then called Night Rider, and William Talltrees, the contemporary Red Wolf. || Alongside the third Phantom Rider, Firebird, Texas Twister, and Shooting Star, he battled the Hulk, and rescued Rick Jones from the Corruptor.
Rom_the_Space_Knight	Wolverine_(character)	none	none			It is extremely durable, even able to stand up to Wolverine's adamantium claws. || The mutant Wolverine once tried to use the weapon and received a numbing blast of energy feedback.
Anne_Weying	Eddie_Brock	romance	romance			She is the ex-wife of Eddie Brock. || Anne Weying is a lawyer and Eddie Brock's ex-wife. || In a flashback, it is revealed that Weying got pregnant with Eddie Brock's child after bonding to Venom. || This version bonded to the Venom symbiote after Eddie Brock killed himself before he could bond with Venom, with her rage and grief over Brock's death attracting Venom to her. || First appearing in Venom (2018), this version is the ex-fiancée of Eddie Brock, a former lawyer for the Life Foundation turned district attorney, and girlfriend of Dr. Dan Lewis.
Ursa_Major_(character)	Black_Widow_(Natasha_Romanova)	ally	ally			"The character appeared as a human in the live-action Marvel Cinematic Universe film Black Widow (2021), portrayed by Olivier Richters. || Ursa, Darkstar, and Vanguard join Black Widow and Daredevil in defeating Tskarov. || In the storyline ""Secret Empire"", Ursa Major appears as a member of the Black Widow Ops Program, which cloned Black Widow following her death at the hands of Captain America's Hydra Supreme counterpart. || Ursa Major appears in Black Widow, portrayed by Olivier Richters."
Star-Lord	Phyla-Vell	ally	ally			Peter subsequently forms a new team of Guardians, including Beta Ray Bill, Moondragon, Phyla-Vell, Nebula, and Groot, to deal with the rest of the Church.
Whizzer_(Robert_Frank)	Scarlet_Witch	family	family		claimed and false: he wrongly believes he is the father	At the end of this adventure, the Whizzer erroneously believes himself to be the father of Quicksilver and Scarlet Witch.
Captain_Marvel_(Marvel_Comics)	Moondragon	romance	romance			She is last seen romancing Moondragon.
Patsy_Walker	Jessica_Jones	ally	ally		best friend	Rachael Taylor portrayed Trish Walker in the Marvel Cinematic Universe (MCU) series Jessica Jones (2015–2019), Luke Cage (2016), and The Defenders (2017). || With the help of the She-Hulk and Jessica Jones, Walker gets the rights back by proving that Dorothy was sedated and thus not in full mental capacities when she signed the comics off to Hedy, making it a void contract. || This version is a former child star of the in-universe television series It's Patsy, the best friend of Jessica Jones, the host of the radio show Trish Talk, and the daughter of Dorothy Walker. || First appearing in Jessica Jones, she aids the titular character in combating Kilgrave, but becomes jealous of her powers during the first season. || After the first season of Jessica Jones, she appears expressing concern about Jones's failure to treat Kilgrave's death as a significant victory.
Northstar_(character)	Scarlet_Witch	none	none			In the alternate reality created by the Scarlet Witch known as House of M, Northstar is an agent of S.H.I.E.L.D., responsible for training a squad of young mutants and superhumans in the agency's junior training squad program.
John_Jameson_(character)	Hulk	ally	ally			Harry joins forces with Spider-Man, the Hulk, and Gwen Stacy to reverse the transformation and cure the infected.
Scarlet_Witch	Jericho_Drumm	family	none		brother belongs to Jericho Drumm	Before she can pursue this further, Doom appears with the resurrected Jericho Drumm (Brother Voodoo) and the spirit of the hero's dead brother Daniel Drumm.
Speed_(character)	Quicksilver_(Marvel_Comics)	family	family			"His powers are similar to his uncle Quicksilver. || When they release him from his cell, it is immediately noted that Tommy, a white-haired speedster, bears a striking resemblance to Billy (""twin-like"") and Quicksilver, sharing the latter's hair color and similar abilities. || Upon hearing this, Speed immediately accepts that the relationship must be genuine, later referring to Quicksilver as his ""Uncle Pietro"". || In Young Avengers Presents #3 he asserts that he is ""Quicksilver fast"", shown running from the eastern seaboard of the United States to Genosha, an island off the east coast of Africa, as well as search the entire island for anyone living there in the same amount of time it takes Wiccan to teleport the same distance. || As a child, Tommy witnessed the accidental murder of his mother by his uncle, Quicksilver, which caused their father, the Vision to become emotionless and withdrawn."
Yelena_Belova	Mockingbird_(Marvel_Comics)	foe	none		mistaken identity; battle words are about others	soon targets A.I.M. and deploys agents Romanova, Hawkeye and Mockingbird to execute Forson. || Belova attacks Romanova but is later shot by an A.I.M. agent after being mistaken for Mockingbird.
Red_Raven_(Marvel_Comics)	Black_Bolt	romance	none		Black Bolt's bomb hurts Red Raven's wife; no stated tie	When Black Bolt activates the Terrigenesis Bomb, the Bird-People are exposed to the Terrigen Mist, causing Red Raven's wife Vera and many others to undergo monstrous transformations.
Black_Widow_(Natasha_Romanova)	Hercules_(Marvel_Comics)	romance	romance			She worked with Angel, Ghost Rider, Hercules, and Iceman as part of the Champions. || Black Widow and Hercules began a romance, but as an immortal he did not have interest in a long-term relationship with a mortal.
Shamrock_(comics)	Doctor_Druid	foe	ally		'battle' belongs to the Book of Kells	She works closely with Doctor Druid; part of her duties is to guard the Book of Kells, which had the Martian battle added to it.
Leech_(character)	Emma_Frost	none	ally		in her care	Leech and Artie Maddicks come to live at the Massachusetts Academy under the care of Emma Frost and Sean Cassidy.
Venom_(character)	Mayday_Parker	family	family		figurative: considers the symbiote family	Mayday Parker, considering the symbiote family, allows it to live with her. || Overcome with guilt, April sacrifices herself to resurrect Spider-Girl. || April Parker was created by Tom DeFalco and Ron Frenz, first appearing in Amazing Spider-Girl #20 (July 2008).
Spider-Man	Black_Cat_(Marvel_Comics)	romance	romance			These include his Daily Bugle boss, J. Jonah Jameson; friends Harry Osborn and Flash Thompson; romantic interests Gwen Stacy, Mary Jane Watson, and the Black Cat; and enemies Doctor Octopus, the Green Goblin, and Venom. || Felicia Hardy, also known as the Black Cat, first appeared in the series in 1979; she becomes a new femme fatale love interest for Peter. || Peter graduates from college, and becomes involved with the flirtatious costumed thief Felicia Hardy, a.k.a. || the Black Cat. || Felicia Hardy, the Black Cat, is a reformed cat burglar who was Spider-Man's only superhuman girlfriend and partner.
Sabra_(character)	Arabian_Knight_(character)	foe	ally		conflict, then work together	"There, she meets Iron Man and the Arabian Knight (Abdul Qamar), and battles She-Hulk and Captain Britain. || She comes into conflict with the new Arabian Knight (Navid Hashim) because of Sabra's ""jingoistic"" nature, but they begrudgingly work together, paralleling her relationship with the first Arabian Knight during the Contest of Champions."
John_Jameson_(character)	She-Hulk	romance	romance			He has also been portrayed as the husband of Jennifer Walters / She-Hulk. || He becomes the Man-Wolf again during this period and briefly reassumes the Stargod name, teaming up with She-Hulk and Hellcat. || Jameson begins dating She-Hulk (Jennifer Walters) and the two live together for some time before eloping. || Jameson and She-Hulk separate after She-Hulk discovers that her feelings for Jameson were influenced prior to their marriage by Starfox. || Jameson attempts to reconcile with She-Hulk, but ultimately agrees to annul their marriage.
Vulcan_(Marvel_Comics)	Darkhawk	foe	foe			Soon afterward, Lilandra is assassinated by Darkhawk in an attempt to usurp Vulcan.
Turbo_(comics)	Nova_(Richard_Rider)	foe	ally		attacked by a third party while training together	Both he and Mickey are attacked by the Air Force while training with Nova.
Blue_Marvel	Luke_Cage	ally	ally			"In 2013, Blue Marvel appeared as part of Luke Cage's new team of superheroes during the ""Infinity"" crossover, in the Marvel NOW! || After a one-sided conversation, Blue Marvel took up his costume and flew through Shuma-Gorath's head during its fight with Luke Cage's team."
Powerhouse_(Marvel_Comics)	Rom_the_Space_Knight	none	none			The character subsequently appears in Nova #6-8 (February–April 1977), #10-11 (June–July 1977), #24-25 (March & May 1979), Fantastic Four #206 (May 1979), #208-209 (July–August 1979), and Rom #24 (November 1981).
Moon_Knight	Deadpool	foe	foe			In Deadpool Kills the Marvel Universe Again, an alternate Moon Knight investigates Deadpool's murder of several heroes, eventually discovering that Deadpool had been brainwashed before being killed by him.
Moon_Knight	Wolverine_(character)	none	none			The series depicted Moon Knight once again experiencing four alters, though now three of his alters were imitations of Spider-Man, Captain America, and Wolverine. || These four roles can manifest in different ways, either with original names or borrowing names and personality traits of people Marc has observed (such as when he briefly acted as if he were Spider-Man, Wolverine, and Captain America). || In the Old Man Logan continuity (Earth-807128), an alternate version of Moon Knight appears in the dystopian future setting of that storyline.
Mayday_Parker	Scarlet_Spider	family	none		'adopted the costume' is not adoption	She knows that May is Spider-Girl and adopted the costume of Scarlet Spider when May took a break from superhero business.
Hrimhari	Werewolf_by_Night	family	family			As he grows up, Tier is adopted by Werewolf by Night.
Isaiah_Bradley	Storm_(Marvel_Comics)	romance	none		wedding of Storm and Black Panther, not Isaiah's	When he arrives as a special guest at the wedding of Storm and Black Panther, several African-American heroes are awestruck, including Luke Cage, Goliath, Monica Rambeau, Triathlon, and Falcon.
Gremlin_(comics)	Gargoyle_(comics)	family	family			"The Gargoyle had indeed been in Hulk #1, so I thought it would be fun to connect to him—but I had to make something interesting for my time, not just wave at the past. || I thought, ‘Gargoyle + Kremlin = Gremlin’."" || Kondrati Topolov is the son of Russian scientist Yuri Topolov, also known as the Gargoyle, and inherited his grotesque appearance and superhuman intelligence. || The Gremlin is a mutant who has inherited the immense intelligence of his father, the Gargoyle."
Blackwulf	Deathlok	ally	ally			Blackwulf catches up with Deathlok in a series of tunnels where he was aiding homeless people against the Sewer King alongside Daredevil, Blackwulf decides to wait with his questions to assist the homeless from bombs. || When he was finally able to ask Deathlok questions, Blackwulf is told that his fate has already been sealed. || Lucian asks Deathlok to join the Underground Legion, but Deathlok replies that he had to sort himself out first before he could be of use to anyone.
Northstar_(character)	Hulk	family	foe		'twins' refers to Northstar and Aurora	However, during a confrontation with the Hulk, Aurora discovers that her power alterations cause the twins to negate one another's abilities upon touching. || Northstar is also able to punch at great speeds, which grants him the ability to hurt even the Hulk.
Genis-Vell	Phyla-Vell	family	family			Genis-Vell is the son of superhero Mar-Vell and the brother of superhero Phyla-Vell. || The multiverse is recreated with a Last Thursdayism effect on the universe's population, although with several alterations including him still wearing the Kree uniform from a timeline that no longer exist and he has an adult sister named Phyla-Vell. || In Captain Marvel (vol. 10), Carol Danvers and Phyla-Vell free Genis from the Darkforce.
Shang-Chi	Ares_(Marvel_Comics)	family	ally		confrontation turns into a deal	Shang-Chi and the Sword Master are confronted by Ares, who attempts to take Lin Lie's Fuxi sword. || In exchange for Shang-Chi and the Sword Master helping him, Ares offers to help find Lin Lie's missing father. || They work together to find Ares's drakon son Ismenios.
Quicksilver_(Marvel_Comics)	Human_Torch	romance	foe		romantic rival	During a later mission, Quicksilver is wounded by a Sentinel and nursed back to health by Crystal of the Inhumans, angering Crystal's former boyfriend Human Torch.
Silencer_(comics)	She-Hulk	none	none			The fifth version appeared in She-Hulk volume 2, #5. || After taking out the guards, Silencer and the other escapees stowed away on a visiting She-Hulk.
Living_Lightning	Human_Torch	none	none			But eventually, I decided I wanted that name solidly affixed to a super-hero... an electrical echo of the Human Torch, of course.
Northstar_(character)	Hercules_(Marvel_Comics)	none	romance		'sexual relationship' is not in the lexicon	It was later implied that he also had a sexual relationship with Hercules at an unspecified point in time.
